Internal Location,Location Name,Area,Treasure Cracker  Level,Needs Jetpack,Minimum Energy Level Needed,Summary on How To Get,,Internal Location,Gate Name,Column 1,Column 2,Skippable with Jetpack,,Internal Location,Location Name,Area,Contents,Teleporter Location,Requires Jetpack,Number Of Pops W/O Favorite Food,Favorite Food,,Upgrade Name,Internal Id,rule,,7Zee Rewards,Price (k),Areas Needed to Open,,Gadgets,Unlock Condition,Shop Price,Treasure Pod Coordinate
[x:66|y:10|z:-10],Hobson's Note - Outside Ranch,Dry Reef,Note,No,0 Energy,Leave the ranch,,[x:-252|y:10|z:14],Gate - Dry Reef to Ring Island,Dry Reef,Dry Reef,Yes,,[x:-173|y:-3|z:124],Phosphor Gordo - Dry Reef,Dry Reef,Slime Key,N/A,No,50,Cuberry,,Buy Personal Upgrade (Heart Module lv.1),0,,,7Zee lv.1: Roostro Weathervane,0.75K,Menu,,Novice Drill,Starting Unlock,N/A,
[x:1|y:-5|z:-20],Treasure Pod - Hidden Cave near Ranch Entry,Dry Reef,Treasure Cracker Mk III,No,0 Energy,,,[x:-174|y:2|z:331],Gate - Dry Reef to Moss Blanket,Dry Reef,Moss Blanket,Yes,,[x:-109|y:-1|z:14],Pink Gordo - Bridge Island,Dry Reef,Slime Key,N/A,No,30,None,,Buy Personal Upgrade (Heart Module lv.2),1,Reef,,7Zee lv.2: Fence Upgrade,1.00K,Menu,,Advanced Drill,Builder's Shop + 5 Days after Lab Unlock,1500,
[x:-2|y:4|z:11],Treasure Pod - Dry Reef Entrance,Dry Reef,Treasure Cracker,No,0 Energy,,,[x:25|y:13|z:181],Gate - Dry Reef to Indigo Quarry,Dry Reef,Indigo Quarry,Yes,,[x:-576|y:20|z:-176],Pink Gordo - Ring Island,Dry Reef,Slime Key,N/A,No,30,None,,Buy Personal Upgrade (Heart Module lv.3),2,Reef,,7Zee lv.3: Path Upgrade,1.50K,Dry Reef,,Master Drill,Treasure Pod MkIII In Glass Desert,N/A,
[x:-36|y:6|z:-52],Treasure Pod - Dry Reef Arch Island,Dry Reef,Treasure Cracker Mk II,Yes,100 Energy,,,[x:-29|y:13|z:437],Gate - Moss Blanket to Ancient Ruins Transition,Moss Blanket,Ancient Ruins Transition,No,,[x:-445|y:11|z:391],Honey Gordo,Moss Blanket,Slime Key,N/A,Yes,50,Mint Mango,,Buy Personal Upgrade (Heart Module lv.4),15,7z,,7Zee lv.4: Porch Upgrade,2.00K,Dry Reef,,Titan Drill,7Zee Rank 23,N/A,
[x:-284|y:-1|z:121],Hobson's Note - Cliff Near Tabby Slimes,Dry Reef,Note,No,0 Energy,,,[x:35|y:6|z:394],Gate - Indigo Quarry to Ancient Ruins Transition,Indigo Quarry,Ancient Ruins Transition,No,,[x:228|y:4|z:146],Rock Gordo - Main Cave,Indigo Quarry,Teleporter,The Ranch,No,50,Heart Beet,,Buy Personal Upgrade (Tank Booster lv.1),6,,,7Zee lv.5: Chroma Station,2.50K,Dry Reef,,Novice Pump,Builder's Shop,500,
[x:-260|y:10|z:23],Treasure Pod - Next to Slime Gate Ring Isle,Dry Reef,Treasure Cracker,No,0 Energy,,,[x:57|y:-4|z:980],Gate - Ancient Ruins to Glass Desert,Ancient Ruins,Glass Desert,No,,[x:-254|y:-2|z:163],Tabby Gordo - Facing Moss Blanket,Dry Reef,Teleporter,The Ranch,No,50,Stony Hen,,Buy Personal Upgrade (Tank Booster lv.2),7,Reef,,7Zee lv.5: Cobalt Chroma,2.50K,Dry Reef,,Advanced Pump,Builder's Shop + 5 Days after Novice Pump Unlock,1500,
[x:-292|y:-2|z:-113],Hobson's Note - Cliff Near Ring Island,Dry Reef,Note,No,0 Energy,,,[x:39|y:1030|z:396],Gate - Glass Desert Eastern ,Glass Desert,Glass Desert,Not Sure,,[x:-417|y:6|z:884],Hunter Gordo,Moss Blanket,Slime Key,N/A,Yes,50,Roostro,,Buy Personal Upgrade (Tank Booster lv.3),8,Reef,,7Zee lv.5: Milkshake Chroma,2.50K,Dry Reef,,Master Pump,Treasure Pod MkIII In Glass Desert,N/A,
[x:-115|y:-2|z:-101],Treasure Pod - Under Overgrowth Exit,Dry Reef,Treasure Cracker Mk II,No,0 Energy,,,[x:-177|y:1025|z:451],Gate - Glass Desert Western,Glass Desert,Glass Desert,Not Sure,,[x:286|y:-5|z:219],Rad Gordo,Indigo Quarry,Slime Key,N/A,Yes,50,Oca Oca,,Buy Personal Upgrade (Tank Booster lv.4),14,7z,,7Zee lv.6: Arch Upgrade,3.00K,Dry Reef,,Abyssal Pump,7Zee Rank 24,N/A,
[x:-269|y:6|z:111],Treasure Pod - Cliff Near Tabby Slimes,Dry Reef,Treasure Cracker,No,0 Energy,Stone Ramp allows access with 0 energy aka no sprint,,,,,,,,[x:414|y:4|z:395],Rock Gordo - Ash Island Teleporter,Indigo Quarry,Teleporter,Ash Isle,Yes,50,Heart Beet,,Buy Personal Upgrade (Dash Boots lv. 1),12,,,7Zee lv.7: Firecracker Chroma,3.50K,Dry Reef,,Novice Apiary,Builder's Shop,500,
[x:-239|y:-3|z:164],Treasure Pod - Tabby Gordo,Dry Reef,Treasure Cracker,No,0 Energy,,,,,,,,,[x:430|y:15|z:704],Crystal Gordo - Ash Isle,Indigo Quarry,Slime Key,N/A,Yes,50,Odd Onion,,Buy Personal Upgrade (Dash Boots lv.2),16,7z,,7Zee lv.7: Grapeshot Chroma,3.50K,Dry Reef,,Advanced Apiary,Builder's Shop + 5 Days after Novice Apirary Unlock,1500,
[x:-171|y:-5|z:114],Treasure Pod - Phosphor Gordo,Dry Reef,Treasure Cracker,No,0 Energy,,,,,,,,,[x:-236|y:-2|z:-179],Tabby Gordo - Ring Island Teleporter,Dry Reef,Teleporter,Ring Island,Yes,50,Stony Hen,,Buy Personal Upgrade (Power Core lv.1),3,,,7Zee lv.8: Slime Toy Shop,4.00K,Dry Reef,,Master Apirary,Treasure Pod MkIII In Glass Desert,N/A,
[x:-945|y:20|z:225],Slime Sea - The Mustache Shrine,Dry Reef,Treasure Cracker Mk III,Yes,250 Energy,,,,,,,,,[x:30|y:3|z:752],Boom Gordo,Ancient Ruins,Slime Key,N/A,No,50,Briar Hen,,Buy Personal Upgrade (Power Core lv.2),4,Reef,,7Zee lv.9: Robo Ranger Chroma,4.50K,Dry Reef,,Royal Apiary,7Zee Rank 25,N/A,
[x:62|y:6|z:621],Hobson's Note - Ancient Ruins Entrance,Ancient Ruins,Note,No,0 Energy,,,,,,,,,[x:189|y:-5|z:866],Quantum Gordo,Ancient Ruins,Slime Key,N/A,Yes,50,Phase Lemon,,Buy Personal Upgrade (Power Core lv.3),5,Reef,,7Zee lv.9: Maidatron Chroma,4.50K,Dry Reef,,Drone,Builder's Shop,2000,
[x:207|y:12|z:-118],Hobson's Note - The Grotto,The Grotto,Note,No,0 Energy,,,,,,,,,[x:5|y:1041|z:587],Dervish Gordo,Glass Desert,Slime Key,N/A,Yes,50,Prickle Pears,,Buy Personal Upgrade (Treasure Cracker lv.1),100,Lab,,7Zee lv.10: Advanced Slime Toys,5.00K,Dry Reef,,Advanced Drone,360 Bug Reports in Viktor's Workshop,N/A,
[x:305|y:0|z:-77],Treasure Pod - The Grotto,The Grotto,Treasure Cracker Mk II,No,0 Energy,,,,,,,,,[x:-13|y:1041|z:416],Tangle Gordo,Glass Desert,Teleporter,The Ranch,Yes,50,Painted Hen,,Buy Personal Upgrade (Treasure Cracker lv.2),101,Lab,,7Zee lv.11: Gingersnap Chroma,6.25K,Ancient Ruins Transition,,Med Station,Builder's Shop,650,
[x:394|y:-4|z:-36],Treasure Pod - Slime Sea Cosmetic (Angelic),The Grotto,Secret Style,Yes,50 Energy,,,,,,,,,[x:-46|y:1042|z:291],Mosaic Gordo,Glass Desert,Slime Key,N/A,Yes,50,Silver Parsnip,,Buy Personal Upgrade (Treasure Cracker lv.3),102,Lab,,7Zee lv.11: Peapod Chroma,6.25K,Ancient Ruins Transition,,Hydro Turret,Builder's Shop,650,
[x:265|y:7|z:55],Treasure Pod - Bridge Behind Indigo Quarry,The Grotto,Treasure Cracker Mk II,Yes,100 Energy,,,,,,,,,,,,,,,,,,Buy Personal Upgrade (Jetpack),9,,,7Zee lv.11: Market Link,6.25K,Ancient Ruins Transition,,Super Hyrdo Turret,Treasure Pod MkIII In Glass Desert,N/A,
[x:141|y:-6|z:10],Treasure Pod - Alcove Behind Indigo Quarry,The Grotto,Treasure Cracker,Yes,50 Energy,,,,,,,,,,,,,,,,,,Buy Personal Upgrade (Air Drive),10,Reef,,7Zee lv.12: Grotto Upgrade,7.50K,Ancient Ruins Transition,,Taming Bell,Builder's Shop After Moss Blanket Gate + Med Station,650,
[x:-85|y:0|z:116],Map Fragment - Dry Reef,Dry Reef,N/A,No,0 Energy,Near Phosphor Gordo location,,,,,,,,,,,,,,,,,Buy Personal Upgrade (Pulse Wave),11,,,7Zee lv.13: Decorizer,10.00K,Ancient Ruins Transition,,Spring Pad,,,
[x:160|y:7|z:79],Hobson's Note - Cliff Across Indigo Quarry,Dry Reef,Note,Yes,100 Energy,,,,,,,,,,,,,,,,,,Buy Personal Upgrade (Liquid Slot),13,,,7Zee lv.13: Vanguard Chroma,10.00K,Ancient Ruins Transition,,Potted Tactus,,,
[x:-51|y:1|z:172],Hobson's Note - Cave to Indigo Quarry,Dry Reef,Note,No,0 Energy,In the passage to Indigo Quarry,,,,,,,,,,,,,,,,,,,,,7Zee lv.13: Willow Chroma,10.00K,Ancient Ruins Transition,,Novice Gordo Snare,,,
[x:-438|y:12|z:217],Treasure Pod - Middle of Nowhere,Moss Blanket,Treasure Cracker Mk II,Yes,250 Energy,Doable with 200 kinda,,,,,,,,,,,,,,,,,,,,,7Zee lv.14: Slime Trophy I,15.00K,Ancient Ruins Transition,,Advanced Gordo Snare,,,
[x:-120|y:-3|z:5],Treasure Pod - Dry Reef Cosmetic (Sparkly),Dry Reef,Secret Style,No,0 Energy,,,,,,,,,,,,,,,,,,,,,,7Zee lv.15: Daybreak Chroma,20.00K,Ancient Ruins Transition,,Master Gordo Snare,,,
[x:-83|y:11|z:166],Treasure Pod - Dry Reef Ledge,Dry Reef,Treasure Cracker Mk II,Yes,100 Energy,,,,,,,,,,,,,,,,,,,,,,7Zee lv.15: Eventide Chroma,20.00K,Ancient Ruins Transition,,Chicken Cloner,,,
[x:-170|y:9|z:128],Treasure Pod - Dry Reef Cosmetic (Heavy Metal),Dry Reef,Secret Style,No,0 Energy,,,,,,,,,,,,,,,,,,,,,,7Zee lv.16: Overgrowth Upgrade,25.00K,Ancient Ruins,,Portable Water Tap,,,
[x:-111|y:3|z:376],Treasure Pod - Moss Blanket Wooden Staircase Escape,Moss Blanket,Treasure Cracker Mk II,Yes,50 Energy,Possible to get without jetpack (siding with caution here),,,,,,,,,,,,,,,,,,,,,7Zee lv.17: Salamander Chroma,32.50K,Ancient Ruins,,Portable Scareslime,,,
[x:-282|y:0|z:399],Hobson's Note - Moss Blanket Main Area,Moss Blanket,Note,No,0 Energy,Extremely obvious H note,,,,,,,,,,,,,,,,,,,,,7Zee lv.17: Royalton Chroma,32.50K,Ancient Ruins,,Dash Pad,,,
[x:-170|y:7|z:399],Hobson's Note - Moss Blanket Ledge,Moss Blanket,Note,Yes,50 Energy,Possible to get without jetpack (siding with caution here),,,,,,,,,,,,,,,,,,,,,7Zee lv.18: Slime Trophy II,40.00K,Ancient Ruins,,Fruit Slime Bait,,,
[x:-117|y:14|z:443],Treasure Pod - Moss Blanket Entrance Cliff,Moss Blanket,Treasure Cracker Mk III,Yes,100 Energy,Top right corner of first room,,,,,,,,,,,,,,,,,,,,,7Zee lv.19: Neopolitan Chroma,47.50K,Ancient Ruins,,Veggie Slime Bait,,,
[x:-69|y:-4|z:411],Treasure Pod - Moss Blanket Cosmetic (Arcane),Moss Blanket,Secret Style,No,0 Energy,A Fairy Circle is a Circle of Mushrooms,,,,,,,,,,,,,,,,,,,,,7Zee lv.19: Min Chip Chroma,47.50K,Ancient Ruins,,Meat Slime Bait,,,
[x:-280|y:9|z:353],Treasure Pod - Moss Blanket Mushroom Tree Ledge,Moss Blanket,Treasure Cracker,Yes,50 Energy,,,,,,,,,,,,,,,,,,,,,,7Zee lv.19: Ultra Dash Boots,47.50K,Ancient Ruins,,Pink Teleporter,,,
[x:-310|y:0|z:480],Treasure Pod - Moss Blanket Flower Bed,Moss Blanket,Treasure Cracker,No,0 Energy,,,,,,,,,,,,,,,,,,,,,,7Zee lv.20: Tank Booster Ultra,60.00K,Ancient Ruins,,Blue Teleporter,,,
[x:-339|y:14|z:460],Map Fragment - Moss Blanket,Moss Blanket,N/A,Yes,100 Energy,You *can* do it without a jetpack but logic should require it,,,,,,,,,,,,,,,,,,,,,7Zee lv.20: Master Gordo Snare Blueprint,60.00K,Ancient Ruins,,Grey Teleporter,,,
[x:-517|y:-4|z:333],Treasure Pod - Moss Blanket Back Island,Moss Blanket,Treasure Cracker Mk III,Yes,200 Energy,Doable with 150 Energy,,,,,,,,,,,,,,,,,,,,,7Zee lv.21: Ghost Wine Chroma,75.00K,Ancient Ruins,,Violet Teleporter,,,
[x:-519|y:1|z:561],Hobson's Note - Moss Blanket Mushroom Island,Moss Blanket,Note,Yes,50 Energy,,,,,,,,,,,,,,,,,,,,,,7Zee lv.21: Volcanic Chroma,75.00K,Ancient Ruins,,Green Teleporter,Treasure Pod MKII in Indigo Quarry,N/A,[x:293|y:-4|z:214]
[x:-431|y:-3|z:566],Treasure Pod - Moss Blanket Underwater Pond,Moss Blanket,Treasure Cracker Mk III,Yes,50 Energy,,,,,,,,,,,,,,,,,,,,,,7Zee lv.21: Heart Module Ultra,75.00K,Ancient Ruins,,Red Teleporter,,,
[x:-357|y:-2|z:611],Treasure Pod - Moss Blanket Cosmetic (Cheshire),Moss Blanket,Secret Style,Yes,50 Energy,,,,,,,,,,,,,,,,,,,,,,7Zee lv.22: Lab Upgrade,90.00K,Ancient Ruins,,Amber Teleporter,,,
[x:-336|y:-3|z:548],Treasure Pod - Moss Blanket Wooden Ramps,Moss Blanket,Treasure Cracker Mk II,Yes,50 Energy,,,,,,,,,,,,,,,,,,,,,,7Zee lv.22: Golden Sureshot,90.00K,Ancient Ruins,,Berry Teleporter,,,
[x:210|y:4|z:198],Treasure Pod - Quarry Cave Stalagmite near Rock Gordo,Indigo Quarry,Treasure Cracker Mk III,No,0 Energy,,,,,,,,,,,,,,,,,,,,,,7Zee lv.23: Knight Light Chroma,120.00K,Ancient Ruins,,Cocoa Teleporter,,,
[x:-273|y:19|z:523],Treasure Pod - Moss Blanket Ledge Near Flower Area,Moss Blanket,Treasure Cracker,Yes,50 Energy,,,,,,,,,,,,,,,,,,,,,,7Zee lv.23: Pretty Loud Chroma,120.00K,Ancient Ruins,,Butterscotch Teleporter,,,
[x:-247|y:0|z:585],Treasure Pod - Moss Blanket Flower Area,Moss Blanket,Treasure Cracker,No,0 Energy,,,,,,,,,,,,,,,,,,,,,,7Zee lv.23: Titan Drill Blueprint,120.00K,Ancient Ruins,,Gold Teleporter,,,
[x:244|y:-1|z:172],Treasure Pod - Quarry Cave Grass near Rock Gordo,Indigo Quarry,Treasure Cracker,No,0 Energy,,,,,,,,,,,,,,,,,,,,,,7Zee lv.24: Slime Trophy III,150.00K,Glass Desert,,Pink Warp Depot,,,
[x:-370|y:3|z:683],Hobson's Note - Mushroom Feral Slime Area,Moss Blanket,Note,Yes,50 Energy,Jetpack not needed to access the treasure pod. However it *is* needed to get back on the mainland,,,,,,,,,,,,,,,,,,,,,7Zee lv.24: Abyssal Pump Blueprint,150.00K,Glass Desert,,Blue Warp Depot,,,
[x:125|y:-1|z:198],Treasure Pod - Quarry Entryway,Indigo Quarry,Treasure Cracker,No,0 Energy,,,,,,,,,,,,,,,,,,,,,,7Zee lv.25: Silverfox Chroma,150.00K,Glass Desert,,Grey Warp Depot,,,
[x:114|y:10|z:232],Treasure Pod - Quarry Entryway Ledge,Indigo Quarry,Treasure Cracker Mk III,No,0 Energy,Possible to get w/o jetpack -- tight jump,,,,,,,,,,,,,,,,,,,,,7Zee lv.25: Frozen Violet Chroma,150.00K,Glass Desert,,Violet Warp Depot,Treasure Pod in Dry Reef,N/A,
[x:185|y:15|z:-303],Hobson's Note - The Lab,The Lab,Note,No,0 Energy,Unlock The Lab Ranch Expansion,,,,,,,,,,,,,,,,,,,,,7Zee lv.25: Royal Apiary Blueprint,150.00K,Glass Desert,,Green Warp Depot,,,
[x:205|y:16|z:-309],Treasure Pod - The Lab,The Lab,Treasure Cracker,No,0 Energy,Unlock The Lab Ranch Expansion,,,,,,,,,,,,,,,,,,,,,7Zee lv.26: Docks Upgrade,150.00K,Glass Desert,,Red Warp Depot,,,
[x:-349|y:19|z:799],Treasure Pod - Mushroom Feral Slime Big Tree,Moss Blanket,Treasure Cracker,Yes,100 Energy,,,,,,,,,,,,,,,,,,,,,,7Zee lv.26: Gold Slime Lamp Blueprint,150.00K,Glass Desert,,Amber Warp Depot,,,
[x:400|y:5|z:144],Treasure Pod - Quarry 3rd Area Coral Columns,Indigo Quarry,Treasure Cracker,No,0 Energy,,,,,,,,,,,,,,,,,,,,,,7Zee lv.27: Goldleaf Chroma,150.00K,Glass Desert,,Berry Warp Depot,,,
[x:477|y:5|z:154],Treasure Pod - Crystal Slime Cave Pillar,Indigo Quarry,Treasure Cracker Mk II,No,0 Energy,,,,,,,,,,,,,,,,,,,,,,7Zee lv.27: Astro Pearl Chroma,150.00K,Glass Desert,,Cocoa Warp Depot,,,
[x:-55|y:12|z:-187],Hobson's Note - The Overgrowth,The Overgrowth,Note,No,0 Energy,Unlock The Overgrowth Ranch Expansion,,,,,,,,,,,,,,,,,,,,,7Zee lv.27: Gold Warp Depot Blueprint,150.00K,Glass Desert,,Butterscotch Warp Depot,,,
[x:-509|y:26|z:809],Treasure Pod - Island Near Hunter Gordo,Moss Blanket,Treasure Cracker Mk III,Yes,200 Energy,Not too far from Hunter Gordo; east,,,,,,,,,,,,,,,,,,,,,7Zee lv.28: Slime Trophy IV,150.00K,Glass Desert,,Gold Warp Depot,,,
[x:-214|y:1|z:680],Treasure Pod - Underwater After Log Tunnel,Moss Blanket,Treasure Cracker Mk II,No,0 Energy,,,,,,,,,,,,,,,,,,,,,,7Zee lv.28: Gold Teleporter Blueprint,150.00K,Glass Desert,,Refinery Link,,,
[x:481|y:-6|z:124],Hobson's Note - Crystal Slime Cave,Indigo Quarry,Note,No,0 Energy,,,,,,,,,,,,,,,,,,,,,,,,,,Market Link,,,
[x:-124|y:13|z:713],Treasure Pod - Moss Blanket Cosmetic (Royal Jelly),Moss Blanket,Secret Style,No,0 Energy,,,,,,,,,,,,,,,,,,,,,,,,,,Pink Slime Lamp,,,
[x:413|y:10|z:204],Treasure Pod - Through Crystal Slime Cave,Indigo Quarry,Treasure Cracker Mk III,No,0 Energy,,,,,,,,,,,,,,,,,,,,,,,,,,Blue Slime Lamp,,,
[x:406|y:-3|z:235],Treasure Pod - In the Quarry Pond,Indigo Quarry,Treasure Cracker Mk II,No,0 Energy,,,,,,,,,,,,,,,,,,,,,,,,,,Grey Slime Lamp,,,
[x:392|y:-1|z:248],Hobson's Note - Indigo Quarry Pond,Indigo Quarry,Note,No,0 Energy,,,,,,,,,,,,,,,,,,,,,,,,,,Violet Slime Lamp,Treasure Pod in Dry Reef,N/A,[x:-171|y:-5|z:114]
[x:-84|y:-3|z:-379],Hobson's Note - The Docks,The Overgrowth,Note,No,0 Energy,Unlock The Overgrowth. Then The Docks Ranch Expansions,,,,,,,,,,,,,,,,,,,,,,,,,Green Slime Lamp,,,
[x:-187|y:-3|z:828],Treasure Pod - Moss Blanket Alcove Cliff,Moss Blanket,Treasure Cracker,Yes,100 Energy,,,,,,,,,,,,,,,,,,,,,,,,,,Red Slime Lamp,,,
[x:101|y:8|z:190],Hobson's Note - Indigo Quarry Entry,Indigo Quarry,Note,No,0 Energy,,,,,,,,,,,,,,,,,,,,,,,,,,Amber Slime Lamp,Treasure Pod in Moss Blanket,N/A,[x:-247|y:0|z:585]
[x:-187|y:-3|z:743],Treasure Pod - Alcove Above Moss Teleporter,Moss Blanket,Treasure Cracker Mk III,Yes,100 Energy,,,,,,,,,,,,,,,,,,,,,,,,,,Berry Slime Lamp,,,
[x:434|y:4|z:390],Treasure Pod - Near Island Teleport Gordo,Indigo Quarry,Treasure Cracker,Yes,50 Energy,,,,,,,,,,,,,,,,,,,,,,,,,,Cocoa Slime Lamp,,,
[x:205|y:1|z:275],Treasure Pod - In Quarry Wooden Structure,Indigo Quarry,Treasure Cracker Mk II,Yes,50 Energy,,,,,,,,,,,,,,,,,,,,,,,,,,Butterscotch Slime Lamp,,,
[x:316|y:-6|z:425],Treasure Pod - Northernmost Cliff of Indigo Quarry Mainland,Indigo Quarry,Treasure Cracker Mk III,Yes,50 Energy,,,,,,,,,,,,,,,,,,,,,,,,,,Gold Slime Lamp,,,
[x:293|y:-4|z:214],Treasure Pod - Rad Gordo Cave,Indigo Quarry,Treasure Cracker Mk II,Yes,50 Energy,,,,,,,,,,,,,,,,,,,,,,,,,,Sponge Tree,Treasure Pod in Dry Reef,N/A,[x:-269|y:6|z:111]
[x:318|y:10|z:287],Treasure Pod - Cliff Past Rad Gordo,Indigo Quarry,Treasure Cracker Mk III,Yes,50 Energy,,,,,,,,,,,,,,,,,,,,,,,,,,Sponge Shrub,Treasure Pod in Dry Reef,N/A,[x:-2|y:4|z:11]
[x:119|y:25|z:335],Treasure Pod - Near Quarry Exit Teleporter,Indigo Quarry,Treasure Cracker Mk II,Yes,50 Energy,,,,,,,,,,,,,,,,,,,,,,,,,,Pink Coral Columns,,,
[x:391|y:-5|z:643],Hobson's Note - Ash Isle,Indigo Quarry,Note,Yes,50 Energy,,,,,,,,,,,,,,,,,,,,,,,,,,Coral Grass Patch,Treasure Pod in Dry Reef,N/A,[x:-239|y:-3|z:164]
[x:488|y:16|z:682],Treasure Pod - Ash Isle Fireflower Patch,Indigo Quarry,Treasure Cracker Mk II,Yes,50 Energy,,,,,,,,,,,,,,,,,,,,,,,,,,Mossy Tree,,,
[x:487|y:11|z:807],Treasure Pod - Ash Isle Ledge,Indigo Quarry,Treasure Cracker Mk III,Yes,50 Energy,,,,,,,,,,,,,,,,,,,,,,,,,,Mossy Tree Stump,Treasure Pod in Moss Blanker,N/A,[x:-349|y:19|z:799]
[x:265|y:4|z:176],Map Fragment - Indigo Quarry,Indigo Quarry,N/A,No,0 Energy,,,,,,,,,,,,,,,,,,,,,,,,,,Glow Cones,,,
[x:376|y:-1|z:248],Indigo Quarry - Ashore Near Puddle Lake - Secret Style,Indigo Quarry,Secret Style,No,0 Energy,,,,,,,,,,,,,,,,,,,,,,,,,,Wildflower Patch,,,
[x:33|y:22|z:441],Treasure Pod - Ruins Door Puzzle,Ancient Ruins Transition,Treasure Cracker Mk II,Yes,100 Energy,,,,,,,,,,,,,,,,,,,,,,,,,,Jumbo Shroom,,,
[x:-298|y:-6|z:627],Treasure Pod - Moss Blanket Under Log Tunnel,Moss Blanket,Treasure Cracker Mk III,No,0 Energy,Jetpack not needed to access the treasure pod. However it *is* needed to get back on the mainland,,,,,,,,,,,,,,,,,,,,,,,,,Minty Grass Patch,Treasure Pod in Indigo Quarry,N/A,[x:244|y:-1|z:172]
[x:-490|y:36|z:-207],Treasure Pod - Ring Island Flower Patch Cliff,Dry Reef,Treasure Cracker,Yes,50 Energy,,,,,,,,,,,,,,,,,,,,,,,,,,Blue Coral Columns,Treasure Pod in Indigo Quarry,N/A,[x:400|y:5|z:144]
[x:-518|y:25|z:-181],Treasure Pod - Ring Island Brick Wall Ledge,Dry Reef,Treasure Cracker Mk II,Yes,50 Energy,,,,,,,,,,,,,,,,,,,,,,,,,,Hexium Formation,,,
[x:-533|y:35|z:-209],Treasure Pod - Ring Island Cosmetic (Gilded),Dry Reef,Secret Style,Yes,50 Energy,,,,,,,,,,,,,,,,,,,,,,,,,,Crystal Cluster,Treasure Pod MKII in Indigo Quarry,N/A,[x:477|y:5|z:154]
[x:-575|y:-4|z:-265],Treasure Pod - Ring Island Hidden Cave,Dry Reef,Treasure Cracker Mk III,No,50 Energy,Jetpack not needed to access,,,,,,,,,,,,,,,,,,,,,,,,,Fireflower Patch,,,
[x:-571|y:-4|z:-342],Hobson's Note - Ring Island,Dry Reef,Note,Yes,50 Energy,100 Energy required to get back,,,,,,,,,,,,,,,,,,,,,,,,,Sunburst Tree,,,
[x:-260|y:-2|z:-151],Treasure Pod - Dry Reef Cosmetic (Tiger),Dry Reef,Secret Style,Yes,50 Energy,,,,,,,,,,,,,,,,,,,,,,,,,,Verdant Grass Patch,,,
[x:-227|y:0|z:459],Treasure Pod - Moss Blanket Under Big Tree,Moss Blanket,Treasure Cracker Mk III,No,0 Energy,,,,,,,,,,,,,,,,,,,,,,,,,,Star Flower Patch,,,
[x:-510|y:3|z:586],Treasure Pod - Moss Blanket Mushroom Island,Moss Blanket,Treasure Cracker Mk II,Yes,50 Energy,,,,,,,,,,,,,,,,,,,,,,,,,,Ruined Pillar,,,
[x:42|y:-6|z:358],Ancient Ruins Transition - Hidden In a Cave Outside the Garden,Ancient Ruins Transition,Secret Style,No,0 Energy,,,,,,,,,,,,,,,,,,,,,,,,,,Glow Sticks,,,
[x:18|y:20|z:642],Treasure Pod - Ancient Top Floor Alcove,Ancient Ruins,Treasure Cracker Mk III,No,0 Energy,,,,,,,,,,,,,,,,,,,,,,,,,,Crystal Sconce,,,
[x:164|y:4|z:660],Treasure Pod - Ancient Bottom Floor Cave,Ancient Ruins,Treasure Cracker Mk II,Yes,50 Energy,Check Later,,,,,,,,,,,,,,,,,,,,,,,,,Firey Glass Sculpture,,,
[x:137|y:-1|z:758],Treasure Pod - Ancient Flower Bed,Ancient Ruins,Treasure Cracker,Yes,100 Energy,Check Later,,,,,,,,,,,,,,,,,,,,,,,,,Thundering Glass Sculpture,,,
[x:194|y:35|z:645],Treasure Pod - Ancient Hidden Dungeon,Ancient Ruins,Treasure Cracker Mk III,Yes,200 Energy,,,,,,,,,,,,,,,,,,,,,,,,,,Towering Glass Sculpture,,,
[x:6|y:-2|z:665],Hobson's Note - Ancient Bottom Floor Mushroom Cave,Ancient Ruins,Note,No,0 Energy,,,,,,,,,,,,,,,,,,,,,,,,,,Palm Tree,,,
[x:96|y:-2|z:726],Treasure Pod - Ancient Bottom Floor Under Tree,Ancient Ruins,Treasure Cracker,No,0 Energy,In first room,,,,,,,,,,,,,,,,,,,,,,,,,Palm Sprout,,,
[x:50|y:-6|z:692],Treasure Pod - Ancient Ruins Behind Wall,Ancient Ruins,Treasure Cracker Mk II,No,0 Energy,You *might* need jetpack to get back up but I was able to make the jump back without it,,,,,,,,,,,,,,,,,,,,,,,,,Coil Grass,,,
[x:151|y:31|z:848],Treasure Pod - Ancient Ruins In A High Place,Ancient Ruins,Treasure Cracker Mk III,Yes,200 Energy,,,,,,,,,,,,,,,,,,,,,,,,,,Ruined Desert Column,,,
[x:39|y:22|z:823],Hobson's Note - Ancient Ruins Back Half Oasis,Ancient Ruins,Note,Yes,50 Energy,,,,,,,,,,,,,,,,,,,,,,,,,,Ruined Desert Blocks,,,
[x:44|y:-5|z:1079],Hobson's Note - End of Ancient Ruins,Ancient Ruins,Note,Yes,50 Energy,,,,,,,,,,,,,,,,,,,,,,,,,,Cave Rocks,,,
[x:28|y:1|z:896],Treasure Pod - End of Ancient Ruins Bridge Alcove,Ancient Ruins,Treasure Cracker Mk III,Yes,100 Energy,,,,,,,,,,,,,,,,,,,,,,,,,,Glow Rocks,,,
[x:73|y:-5|z:956],Treasure Pod - End of Ancient Ruins Complimentary Pod,Ancient Ruins,Treasure Cracker Mk II,Yes,100 Energy,Near Slime Gate (hard to miss),,,,,,,,,,,,,,,,,,,,,,,,,Carved Rocks,,,
[x:71|y:17|z:977],Treasure Pod - End of Ancient Ruins Cosmetic (Monochrome),Ancient Ruins,Secret Style,Yes,50 Energy,,,,,,,,,,,,,,,,,,,,,,,,,,Peach Cloud Tree,,,
[x:83|y:34|z:812],Treasure Pod - Ancient Ruins '???',Ancient Ruins,Treasure Cracker Mk II,Yes,50 Energy,,,,,,,,,,,,,,,,,,,,,,,,,,Wild Coral Columns,,,
[x:15|y:2|z:748],Treasure Pod - Boom Gordo,Ancient Ruins,Treasure Cracker Mk II,No,0 Energy,Need double check on no jetpack,,,,,,,,,,,,,,,,,,,,,,,,,Wild Grass Patch,,,
[x:16|y:20|z:734],Treasure Pod - Ancient Ruins Cosmetic (Guardian),Ancient Ruins,Secret Style,No,0 Energy,Need double check on no jetpack,,,,,,,,,,,,,,,,,,,,,,,,,Cotton Flower Patch,,,
[x:114|y:44|z:782],Treasure Pod - On Top of Ancient Ruins,Ancient Ruins,Treasure Cracker Mk III,Yes,200 Energy,,,,,,,,,,,,,,,,,,,,,,,,,,Nimble Grass Patch,,,
[x:106|y:20|z:685],Ancient Ruins - Follow the Upper Brick Road,Ancient Ruins,N/A,No,0 Energy,,,,,,,,,,,,,,,,,,,,,,,,,,Nimble Needle Tree,,,
[x:118|y:18|z:727],Ancient Ruins - At the End of a Broken Pillar Path,Ancient Ruins,Treasure Cracker Mk II,Yes,50 Energy,,,,,,,,,,,,,,,,,,,,,,,,,,Small Magneticore Array,,,
[x:115|y:23|z:783],Ancient Ruins - Hidden Room Behind a Leaf Drape,Ancient Ruins,Treasure Cracker Mk III,Yes,100 Energy,,,,,,,,,,,,,,,,,,,,,,,,,,Tall Magneticore Array,,,
[x:91|y:1067|z:947],Treasure Pod - Outside The Desert Teleporter Room,Glass Desert,Treasure Cracker Mk III,Yes,100 Energy,,,,,,,,,,,,,,,,,,,,,,,,,,Sturdy Magneticore Array,,,
[x:102|y:1077|z:932],Treasure Pod - Inside The Desert Teleporter Room,Glass Desert,Treasure Cracker Mk II,Yes,50 Energy,,,,,,,,,,,,,,,,,,,,,,,,,,Ornate Magneticore Array,,,
[x:-43|y:1020|z:577],Hobson's Note - Entrance to Glass Desert,Glass Desert,Note,Yes,50 Energy,,,,,,,,,,,,,,,,,,,,,,,,,,Battery Tower,,,
[x:-49|y:1045|z:603],Treasure Pod - Glass Desert On a Rock,Glass Desert,Treasure Cracker Mk II,Yes,100 Energy,,,,,,,,,,,,,,,,,,,,,,,,,,Digi Panel,,,
[x:-145|y:1003|z:509],Hobson's Note - Glass Desert Rock Slime Fountain,Glass Desert,Note,Yes,50 Energy,,,,,,,,,,,,,,,,,,,,,,,,,,Digi Shrub,,,
[x:3|y:1024|z:395],Map Fragment - Glass Desert,Glass Desert,N/A,Yes,50 Energy,,,,,,,,,,,,,,,,,,,,,,,,,,Field Kit,,,
[x:48|y:1026|z:559],Treasure Pod - Desert Fountain Hiding Place,Glass Desert,Treasure Cracker Mk II,Yes,50 Energy,,,,,,,,,,,,,,,,,,,,,,,,,,Supply Drop,,,
[x:54|y:1087|z:613],Treasure Pod - On Top of Glass Desert Entrance,Glass Desert,Treasure Cracker Mk III,Yes,Unknown,,,,,,,,,,,,,,,,,,,,,,,,,,Slimeball Hoop,,,
[x:-19|y:1053|z:414],Treasure Pod - Above Tangle Gordo,Glass Desert,Treasure Cracker Mk III,Yes,100 Energy,,,,,,,,,,,,,,,,,,,,,,,,,,Slime Stage,,,
[x:-22|y:1055|z:521],Treasure Pod - Glass Desert Cliff Above Secret Style,Glass Desert,Treasure Cracker Mk III,Yes,100 Energy,,,,,,,,,,,,,,,,,,,,,,,,,,Echo Net,,,
[x:-14|y:1024|z:507],Treasure Pod - Glass Desert Cosmetic (Nebula),Glass Desert,Secret Style,Yes,0 Energy,,,,,,,,,,,,,,,,,,,,,,,,,,Handlebar Fashion Pod,,,
[x:93|y:1028|z:414],Treasure Pod - Glass Desert Leftside Ruins Secret Style,Glass Desert,Secret Style,Yes,100 Energy,,,,,,,,,,,,,,,,,,,,,,,,,,Shady Fashion Pod,,,
[x:114|y:1009|z:467],Treasure Pod - Glass Desert Leftside Ruins,Glass Desert,Treasure Cracker Mk III,Yes,100 Energy,,,,,,,,,,,,,,,,,,,,,,,,,,Clip-On Fashion Pod,,,
[x:230|y:1019|z:452],Treasure Pod - Glass Desert Leftside Isle ,Glass Desert,Treasure Cracker Mk III,Yes,100 Energy,,,,,,,,,,,,,,,,,,,,,,,,,,Googly Fashion Pod,,,
[x:159|y:1016|z:317],Treasure Pod - Edge of Glass Desert Cliff,Glass Desert,Treasure Cracker Mk III,Yes,200 Energy,,,,,,,,,,,,,,,,,,,,,,,,,,Smart Fashion Pod,,,
[x:-102|y:1049|z:389],Treasure Pod - Glass Desert Cliff Above Tangle Gordo,Glass Desert,Treasure Cracker Mk III,Yes,100 Energy,,,,,,,,,,,,,,,,,,,,,,,,,,Serious Fashion Pod,,,
[x:-208|y:1008|z:398],Treasure Pod - Under Glass Desert Western Ruins,Glass Desert,Treasure Cracker Mk III,Yes,100 Energy,,,,,,,,,,,,,,,,,,,,,,,,,,Dandy Fashion Pod,,,
[x:14|y:1048|z:293],Treasure Pod - Glass Desert Crevasse Pod,Glass Desert,Treasure Cracker Mk III,Yes,200 Energy,You might have enough to get down there but not enough to come back with 150,,,,,,,,,,,,,,,,,,,,,,,,,Cute Fashion Pod,Treasure Pod MKIII Ring Island,N/A,[x:-575|y:-4|z:-265]
[x:-46|y:1028|z:314],Treasure Pod - Glass Desert Cliff Ruins,Glass Desert,Treasure Cracker Mk III,Yes,200 Energy,,,,,,,,,,,,,,,,,,,,,,,,,,Royal Fashion Pod,,,
[x:-33|y:994|z:264],Treasure Pod - Glass Desert Northern Ruins,Glass Desert,Treasure Cracker Mk II,Yes,50 Energy,,,,,,,,,,,,,,,,,,,,,,,,,,Fashion Pod Remover,,,
[x:-58|y:1030|z:197],Hobson's Note - Glass Desert Northern Courtyard,Glass Desert,Note,Yes,50 Energy,,,,,,,,,,,,,,,,,,,,,,,,,,Scuba Fashion Pod,,,
[x:-145|y:1027|z:178],Treasure Pod - Glass Desert Western Ruins ,Glass Desert,Treasure Cracker Mk II,Yes,50 Energy,,,,,,,,,,,,,,,,,,,,,,,,,,Party Fashion Pod,,,
[x:-206|y:1010|z:211],Treasure Pod - Firey Glass Cliff,Glass Desert,Treasure Cracker Mk III,Yes,Unknown,This one was tough to grab (probably around 200 energy),,,,,,,,,,,,,,,,,,,,,,,,,Piratey Fashion Pod,,,
[x:-253|y:1009|z:286],Treasure Pod - Glass Desert Western,Glass Desert,Treasure Cracker Mk III,Yes,100 Energy,,,,,,,,,,,,,,,,,,,,,,,,,,Heroic Fashion Pod,,,
[x:-203|y:1024|z:288],Treasure Pod - Glass Desert Western Secret Style,Glass Desert,Secret Style,Yes,100 Energy,,,,,,,,,,,,,,,,,,,,,,,,,,Galactic Fashion Pod,,,
[x:-73|y:1030|z:194],Treasure Pod - Glass Desert Northern,Glass Desert,Secret Style,Yes,100 Energy,,,,,,,,,,,,,,,,,,,,,,,,,,,,,
[x:-133|y:1003|z:105],Treasure Pod - Glass Desert Northern Cliff,Glass Desert,Treasure Cracker Mk II,Yes,200 Energy,,,,,,,,,,,,,,,,,,,,,,,,,,,,,
[x:-36|y:1064|z:108],Treasure Pod - Glass Desert Northern Steeple,Glass Desert,Treasure Cracker Mk III,Yes,200 Energy,This one is up really high,,,,,,,,,,,,,,,,,,,,,,,,,,,,
[x:2|y:1033|z:97],Hobson's Note - Glass Desert Northern Ruins,Glass Desert,Note,Yes,0 Energy,,,,,,,,,,,,,,,,,,,,,,,,,,,,,
[x:36|y:1012|z:-47],Hobson's Note - Glass Desert Slime Statue,Glass Desert,Note,Yes,0 Energy,,,,,,,,,,,,,,,,,,,,,,,,,,,,,
[x:38|y:1004|z:-184],Hobson's Note - Doors Like These,Glass Desert,Note,Yes,0 Energy,End Credits (Note: credits roll after final starmail from casey),,,,,,,,,,,,,,,,,,,,,,,,,,,,
[x:40|y:1009|z:4],Glass Desert - Two Doors,Glass Desert,N/A,No,0 Energy,,,,,,,,,,,,,,,,,,,,,,,,,,,,,
[x:40|y:1003|z:-123],Glass Desert - Sold the Ranch,Glass Desert,N/A,No,0 Energy,,,,,,,,,,,,,,,,,,,,,,,,,,,,,
[x:-118|y:1035|z:33],Glass Desert - Hover from One Tower to Another,Glass Desert,Treasure Cracker Mk III,Yes,150 Energy,Precise Logic - 100 Energy,,,,,,,,,,,,,,,,,,,,,,,,,,,,
[x:-118|y:1037|z:457],Glass Desert - Hidden High Above the Ancient Fountain,Glass Desert,Treasure Cracker Mk II,Yes,150 Energy,Precise Logic - 100 Energy,,,,,,,,,,,,,,,,,,,,,,,,,,,,
[x:996|y:y:-5|z:832],The Slimeulation - Under a Cliff Bordering The Simulated Sea,The Slimeulation,Treasure Cracker Mk II,No,0 Energy,,,,,,,,,,,,,,,,,,,,,,,,,,,,,
[x:926|y:-2|z:808],The Slimeulation - Not Quite Rendered Arch,The Slimeulation,Treasure Cracker Mk II,Yes,100 Energy,,,,,,,,,,,,,,,,,,,,,,,,,,,,,
[x:865|y:23|z:1029],The Slimeulation - Non-Rendered Cliff,The Slimeulation,Treasure Cracker Mk III,Yes,50 Energy,,,,,,,,,,,,,,,,,,,,,,,,,,,,,
[x:871|y:6|z:1078],The Slimeulation - Platforming On Blocky Clouds,The Slimeulation,Treasure Cracker Mk III,Yes,50 Energy,Hazardous Skips Logic - No Jetpack,,,,,,,,,,,,,,,,,,,,,,,,,,,,
[x:818|y:4|z:942],The Slimeulation - Off The Rendered Path,The Slimeulation,Treasure Cracker Mk III,Yes,50 Energy,,,,,,,,,,,,,,,,,,,,,,,,,,,,,
[x:667|y:5|z:999],The Slimeulation - Just Around the Corner,The Slimeulation,Treasure Cracker Mk II,Yes,100 Energy,"Precise Skips Logic - No Jetpack, 50 Energy",,,,,,,,,,,,,,,,,,,,,,,,,,,,
[x:642|y:10|z:1021],The Slimeulation - Right Across from the Exit,The Slimeulation,Secret Style,Yes,100 Energy,"Precise Skips Logic - No Jetpack, 50 Energy",,,,,,,,,,,,,,,,,,,,,,,,,,,,
[x:668|y:19|z:1116],The Slimeulation - On Top Of The Simulated Winding Path,The Slimeulation,Treasure Cracker Mk III,Yes,100 Energy,,,,,,,,,,,,,,,,,,,,,,,,,,,,,
[x:794|y:8|z:1032],The Slimeulation - Blocky Crevice Beside Moss Entrance,The Slimeulation,Treasure Cracker Mk II,Yes,50 Energy,,,,,,,,,,,,,,,,,,,,,,,,,,,,,
[x:742|y:26|z:1298],The Slimeulation - In Between Muhsrooms and Rivers,The Slimeulation,Treasure Cracker Mk III,Yes,50 Energy,,,,,,,,,,,,,,,,,,,,,,,,,,,,,
[x:951|y:-3|z:1190],The Slimeulation - Underwater in a Ravine,The Slimeulation,Treasure Cracker Mk II,No,0 Energy,,,,,,,,,,,,,,,,,,,,,,,,,,,,,
[x:1046|y:-6|z:1298],The Slimeulation - Offshoot of a Hazardous Pathway,The Slimeulation,Treasure Cracker Mk II,No,0 Energy,,,,,,,,,,,,,,,,,,,,,,,,,,,,,
[x:1133|y:10|z:1092],The Slimeulation - Looking Over the Puddle Slimes,The Slimeulation,Treasure Cracker Mk II,Yes,50 Energy,"Precise Skips Logic - No Jetpack, 0 Energy",,,,,,,,,,,,,,,,,,,,,,,,,,,,
[x:-1013|y:3|z:952],The Wilds - Coral Ring Island Exit,The Wilds,Secret Style,No,0 Energy,,,,,,,,,,,,,,,,,,,,,,,,,,,,,
[x:-930|y:34|z:783],The Wilds - Across From the Hunter's Sakura Tree,The Wilds,Treasure Cracker,Yes,100 Energy,,,,,,,,,,,,,,,,,,,,,,,,,,,,,
[x:-856|y:43|z:838],The Wilds - Inside a Pink Tree Stump,The Wilds,Treasure Cracker Mk II,Yes,150 Energy,,,,,,,,,,,,,,,,,,,,,,,,,,,,,
[x:-941|y:16|z:602],The Wilds - On a Cliff Dividing Two Entrances,The Wilds,Treasure Cracker,Yes,100 Energy,,,,,,,,,,,,,,,,,,,,,,,,,,,,,
[x:-825|y:5|z:608],The Wilds - Hidden Bridge Behind a Triangular Staircase,The Wilds,Treasure Cracker Mk II,No,0 Energy,,,,,,,,,,,,,,,,,,,,,,,,,,,,,
[x:-857|y:-4|z:800],The Wilds - A Precarious Ledge By the Waterfall,The Wilds,Treasure Cracker,No,0 Energy,,,,,,,,,,,,,,,,,,,,,,,,,,,,,
[x:-859|y:27|z:901],The Wilds - Double Waterfall Treasure,The Wilds,Treasure Cracker Mk III,Yes,100 Energy,,,,,,,,,,,,,,,,,,,,,,,,,,,,,
[x:-1010|y:3|z:821],The Wilds - An Outcropping Near the Beach,The Wilds,Treasure Cracker,No,0 Energy,,,,,,,,,,,,,,,,,,,,,,,,,,,,,
[x:-736|y:19|z:-812],Nimble Valley - Overlooking the Beginner Start,Nimble Valley,Secret Style,Yes,100 Energy,,,,,,,,,,,,,,,,,,,,,,,,,,,,,
[x:-743|y:29|z:-894],Nimble Valley - In a Nook on Top of The Final Stretch Arch,Nimble Valley,Treasure Cracker,Yes,150 Energy,,,,,,,,,,,,,,,,,,,,,,,,,,,,,
[x:-665|y:35|z:-840],Nimble Valley - Floating Above the Second Stretch,Nimble Valley,Treasure Cracker Mk III,Yes,200 Energy,,,,,,,,,,,,,,,,,,,,,,,,,,,,,
[x:-160|y:20|z:-1046],Nimble Valley - Bordering the Slime Sea,Nimble Valley,Treasure Cracker,Yes,100 Energy,,,,,,,,,,,,,,,,,,,,,,,,,,,,,
[x:-232|y:32|z:-1016],Nimble Valley - Inside the Magneticore Pillar,Nimble Valley,Treasure Cracker Mk II,Yes,100 Energy,,,,,,,,,,,,,,,,,,,,,,,,,,,,,
[x:-194|y:32|z:-930],Nimble Valley - Floating Outcropping Above a Crevice,Nimble Valley,Treasure Cracker Mk II,Yes,150 Energy,Precise + Hazardous Logic - 100 Energy,,,,,,,,,,,,,,,,,,,,,,,,,,,,
[x:-280|y:14|z:-835],Nimble Valley - Hidden in some Magneticore Ore,Nimble Valley,Treasure Cracker Mk III,No,0 Energy,,,,,,,,,,,,,,,,,,,,,,,,,,,,,
[x:444|y:-2|z:661],Ash Isle - Blooming From Fire Flowers,Indigo Quarry,Secret Style,Yes,50 Energy,,,,,,,,,,,,,,,,,,,,,,,,,,,,,