Location ID,Vague Names,Precise Names,Area Unlock Needed,Treasure Cracker Level,Needs Jetpack,Minimum Energy Level Required,Skip Logic?,,Area Coming From,Area Going To,Slime Gated?,Unlock Needed,Needs Jetpack,Minimum Energy Level Required,Plort Types Needed,Slime Gate Required,Skip Logic?,,Slimes,Favorite Food,Spawn Location,Plort Drop,Id,Skip Logic,,Location Group,Regions Affected
[x:-55|y:12|z:-187],The Overgrowth - Artificial Moss Blanket,H Note - The Overgrowth - Artificial Moss Blanket,The Overgrowth,H Note,No,0,None,,Menu,The Ranch,No,,No,0,,,None,,Pink Slime,None,"The Ranch, Dry Reef - Main, Dry Reef - Beach, Dry Reef - Ring Island, The Slime Sea - Between Grotto and Dry Reef Island 2, Indigo Quarry - Before First Bridge, Indigo Quarry - After The Bridge, Indigo Quarry - Ash Isles, Indigo Quarry - Ancient Ruins Transition Overlap, Moss Blanket - Main, Moss Blanket - Mushroom Island, Ancient Ruins - Main, Glass Desert - First Half, Glass Desert - Second Half, The Wilds",Pink Plort,6,None,,Menu,Menu
[x:-84|y:-3|z:-379],The Docks - Our Greater Purpose,H Note - The Docks - Our Greater Purpose,The Docks,H Note,No,0,None,,The Ranch,The Grotto,No,The Grotto,No,0,,,None,,Tabby Slime,Stoney Hen,"Dry Reef - Main, Dry Reef - Beach, Dry Reef - Ring Island, Moss Blanket - Main, Moss Blanket - Mushroom Island, Ancient Ruins - Main, Glass Desert - First Half, Glass Desert - Second Half, The Wilds, Dry Reef - Offshoot",Tabby Plort,38,None,,The Ranch,"The Ranch, The Grotto, The Overgrowth, The Lab, The Docks, Upgrades"
[x:66|y:10|z:-10],Dry Reef - Hobson's Greetings,H Note - Dry Reef - Hobson's Greetings,Dry Reef - Main,H Note,No,0,None,,The Ranch,The Overgrowth,No,The Overgrowth,No,0,,,None,,Tabby Slime,Stoney Hen,The Ranch,Tabby Plort,38,Market Logic,,Dry Reef,"Dry Reef - Main, Dry Reef - Beach, Dry Reef - Ring Island, Dry Reef - Offshoot"
[x:-51|y:1|z:172],Dry Reef - Indigo Quarry Entrance,H Note - Dry Reef - Indigo Quarry Entrance,Dry Reef - Main,H Note,No,0,None,,The Ranch,The Lab,No,The Lab,No,0,,,None,,Rock Slime,Heartbeet,"Dry Reef - Main, Dry Reef - Beach, Dry Reef - Ring Island, Indigo Quarry - Before First Bridge, Indigo Quarry - After The Bridge, Indigo Quarry - Ash Isles, Indigo Quarry - Ancient Ruins Transition Overlap, Ancient Ruins - Main, Glass Desert - First Half, Glass Desert - Second Half, The Wilds, Dry Reef - Offshoot",Rock Plort,5,None,,The Slime Sea,"The Slime Sea - Between Grotto and Dry Reef Island 1, The Slime Sea - Between Grotto and Dry Reef Island 2, The Slime Sea - Mustache Shrine, The Slime Sea - Off Moss Blanket"
[x:-284|y:-1|z:121],Dry Reef - Great Big Tree,H Note - Dry Reef - Great Big Tree,Dry Reef - Main,H Note,No,0,None,,The Overgrowth,The Docks,No,The Docks,No,0,,,None,,Rock Slime,Heartbeet,The Ranch,Rock Plort,5,Market Logic,,Indigo Quarry,"Indigo Quarry - Before First Bridge, Indigo Quarry - After The Bridge, Indigo Quarry - Ash Isles, Indigo Quarry - Ancient Ruins Transition Overlap"
[x:-85|y:0|z:116],Dry Reef - Map Data Node,Map Data Node - Dry Reef,Dry Reef - Main,Map Data Node,No,0,None,,The Ranch,The Docks,No,The Docks,No,0,,,Obscure Locations,,Phosphor Slime,Cuberry,"Dry Reef - Main, Dry Reef - Beach, Dry Reef - Ring Island, The Slime Sea - Between Grotto and Dry Reef Island 1, The Slime Sea - Between Grotto and Dry Reef Island 2, Indigo Quarry - Before First Bridge, Indigo Quarry - After The Bridge, Indigo Quarry - Ash Isles, Indigo Quarry - Ancient Ruins Transition Overlap, Moss Blanket - Main, Moss Blanket - Mushroom Island, Moss Blanket - Hunter's Domain, Ancient Ruins - Main",Phosphor Plort,36,None,,Moss Blanket,"Moss Blanket - Main, Moss Blanket - Mushroom Island, Moss Blanket - Hunter's Domain"
[x:-120|y:-3|z:5],Dry Reef - Hidden Treasure of the Pink Gordo,Secret Style - Dry Reef - Behind the Pink Gordo,Dry Reef - Main,Secret Style,No,0,None,,Dry Reef - Main,The Docks,No,The Docks,No,0,,,None,,Phosphor Slime,Cuberry,The Ranch,Phosphor Plort,36,Market Logic,,Ancient Ruins,"Ancient Ruins - Main, Ancient Ruins - Teleporter Room, Ancient Ruins Transition"
[x:-170|y:9|z:128],Dry Reef - Nested in Crystal,Secret Style - Dry Reef - Nested in Crystal,Dry Reef - Main,Secret Style,No,0,None,,The Overgrowth,Ogden's Retreat,No,Ogden's Retreat,No,0,"Boom Plort, Honey Plort, Hunter Plort",Slime Gate - Dry Reef to Moss Blanket,None,,Boom Slime,Briar Hen,"Indigo Quarry - Before First Bridge, Indigo Quarry - After The Bridge, Indigo Quarry - Ash Isles, Indigo Quarry - Ancient Ruins Transition Overlap, Moss Blanket - Main, Ancient Ruins - Main",Boom Plort,25,None,,Glass Desert,"Glass Desert - First Half, Glass Desert - Second Half, Glass Desert - That One Island I Need To Name"
[x:-2|y:4|z:11],Dry Reef - Hidden Behind a Short Wall,Treasure Pod MKI - Dry Reef - Hidden Behind a Short Wall,Dry Reef - Main,Treasure Cracker MKI,No,0,None,,The Grotto,Mochi's Manor,No,Mochi's Manor,No,0,"Boom Plort, Rad Plort, Crystal Plort",Slime Gate - Dry Reef to Indigo Quarry,None,,Boom Slime,Briar Hen,Dry Reef - Main,Boom Plort,25,Market Logic,,Ogden's Retreat,"Ogden's Retreat, The Wilds"
[x:-171|y:-5|z:114],Dry Reef - Phosphor Gordo's Personal Pod,Treasure Pod MKI - Dry Reef - Next to Phosphor Gordo,Dry Reef - Main,Treasure Cracker MKI,No,0,None,,The Lab,Viktor's Workshop,No,Viktor's Workshop,No,0,Quantum Plort,Slime Gate - Ancient Ruins Transition to Ancient Ruins,None,,Rad Slime,Oca Oca,"Indigo Quarry - Before First Bridge, Indigo Quarry - After The Bridge, The Wilds",Rad Plort,4,None,,Mochi's Manor,"Mochi's Manor, Nimble Valley"
[x:-269|y:6|z:111],Dry Reef - Cliff Tree Prize,Treasure Pod MKI - Dry Reef - On a Cliff Tree's Roots,Dry Reef - Main,Treasure Cracker MKI,No,0,Easy Skips,,The Ranch,Dry Reef - Main,No,Dry Reef,No,0,,,None,,Rad Slime,Oca Oca,Dry Reef - Main,Rad Plort,4,Market Logic,,Viktor's Workshop,"Viktor's Workshop, The Slimeulation"
[x:-269|y:6|z:111],Dry Reef - Cliff Tree Prize,Treasure Pod MKI - Dry Reef - On a Cliff Tree's Roots,Dry Reef - Main,Treasure Cracker MKI,Yes,50,None,,The Overgrowth,Dry Reef - Beach,No,Dry Reef,No,0,,,None,,Crystal Slime,Odd Onion,"Indigo Quarry - Before First Bridge, Indigo Quarry - Ash Isles",Crystal Plort,78,None,,Post-Game,"Post-Game, Dry Reef - H Vault, Moss Blanket - H Vault, Indigo Quarry - H Vault"
[x:-292|y:-2|z:-113],Dry Reef - Ruminating on the Beach,H Note - Dry Reef - Ruminating on the Beach,Dry Reef - Beach,H Note,No,0,None,,The Ranch,Dry Reef - Beach,No,Dry Reef,No,0,,,Obscure Locations,,Crystal Slime,Odd Onion,Dry Reef - Main,Crystal Plort,78,Market Logic,,,
[x:141|y:-6|z:10],Dry Reef - Hidden in the Shade,Treasure Pod MKI - Dry Reef - In a Shady Alcove,Dry Reef - Offshoot,Treasure Cracker MKI,No,0,None,,Dry Reef - Main,Dry Reef - Beach,Yes,Dry Reef,No,0,,,None,,Honey Slime,Mint Mango,Moss Blanket - Main,Honey Plort,60,None,,,
[x:-239|y:-3|z:164],Dry Reef - Outside Tabby Gordo's Home,Treasure Pod MKI - Dry Reef - Nested by Tabby Gordo,Dry Reef - Main,Treasure Cracker MKI,No,0,None,,Dry Reef - Beach,Dry Reef - Ring Island,No,Dry Reef,No,0,,,Easy Skips,,Honey Slime,Mint Mango,Dry Reef - Main,Honey Plort,60,Market Logic,,,
[x:101|y:8|z:190],Indigo Quarry - I Liked Her Laugh,H Note - Indigo Quarry - Indigo Quarry Entrance,Indigo Quarry - Before First Bridge,H Note,No,0,None,,Dry Reef - Beach,Dry Reef - Ring Island,No,Dry Reef,Yes,50,,,None,,Hunter Slime,Roostro,"Moss Blanket - Mushroom Island, Moss Blanket - Main, The Wilds, Moss Blanket - Hunter's Domain",Hunter Plort,52,None,,,
[x:125|y:-1|z:198],Indigo Quarry - The Boom Zone,H Note - Indigo Quarry - At the Bottom of Two Cliffs,Indigo Quarry - Before First Bridge,Treasure Cracker MKI,No,0,None,,Post-Game,Dry Reef - H Vault,Yes,Dry Reef,Yes,50,,,Post-Game,,Hunter Slime,Roostro,Dry Reef - Main,Hunter Plort,52,Market Logic,,,
[x:265|y:4|z:176],Indigo Quarry - Map Data Node,Map Data Node - Indigo Quarry,Indigo Quarry - Before First Bridge,Map Data Node,No,0,None,,Post-Game,Dry Reef - H Vault,Yes,Dry Reef,No,0,,,"Post-Game, Easy Skips",,Quantum Slime,Phase Lemon,Ancient Ruins - Main,Quantum Plort,99,None,,,
[x:244|y:-1|z:172],Indigo Quarry - Skate Fast Eat Grass,Treasure Pod MKI - Indigo Quarry - Alone in the Spotlight,Indigo Quarry - Before First Bridge,Treasure Cracker MKI,No,0,None,,The Slime Sea - Between Grotto and Dry Reef Island 2,Dry Reef - Offshoot,No,Dry Reef,Yes,50,,,None,,Dervish Slime,Prickly Pear,"Glass Desert - Second Half, Glass Desert - First Half",Dervish Plort,103,None,,,
[x:481|y:-6|z:124],Indigo Quarry - Crystal Wind Chime,H Note - Indigo Quarry - Crystal Mine,Indigo Quarry - Before First Bridge,H Note,Yes,50,None,,Dry Reef - Main,Dry Reef - Offshoot,No,Dry Reef,No,0,,,Precise Movement,,Tangle Slime,Painted Hen,"Glass Desert - Second Half, Glass Desert - First Half",Tangle Plort,107,None,,,
[x:481|y:-6|z:124],Indigo Quarry - Crystal Wind Chime,H Note - Indigo Quarry - Crystal Mine,Indigo Quarry - Before First Bridge,H Note,No,0,Easy Skips,,The Grotto,The Slime Sea - Between Grotto and Dry Reef Island 1,No,NONE,No,0,,,"Precise Movement, Obscure Locations",,Mosaic Slime,Silver Parsnip,"Glass Desert - Second Half, Glass Desert - First Half",Mosaic Plort,105,None,,,
[x:400|y:5|z:144],Indigo Quarry - Coral Tube Treasure,Treasure Pod MKI - Indigo Quarry - Coral Tube Column,Indigo Quarry - Before First Bridge,Treasure Cracker MKI,No,0,None,,The Grotto,The Slime Sea - Between Grotto and Dry Reef Island 1,No,NONE,Yes,50,,,None,,Lucky Slime,N/A,"Dry Reef - Main, Dry Reef - Beach, Dry Reef - Ring Island, Dry Reef - Offshoot, The Slime Sea - Between Grotto and Dry Reef Island 1, The Slime Sea - Between Grotto and Dry Reef Island 2, The Slime Sea - Mustache Shrine, The Wilds, Glass Desert - Second Half, Glass Desert - First Half, Ancient Ruins - Main, Ancient Ruins Transition, Moss Blanket - Hunter's Domain, Moss Blanket - Mushroom Island, Moss Blanket - Main, Indigo Quarry - Ancient Ruins Transition Overlap, Indigo Quarry - Ash Isles, Indigo Quarry - After The Bridge, Indigo Quarry - Before First Bridge, The Slime Sea - Off Moss Blanket",N/A,0,None,,,
[x:376|y:-1|z:248],Indigo Quarry - Puddle Lake,Secret Style - Indigo Quarry - Ashore Near Puddle Lake,Indigo Quarry - Before First Bridge,Secret Style,No,0,None,,The Slime Sea - Between Grotto and Dry Reef Island 2,The Slime Sea - Between Grotto and Dry Reef Island 1,No,NONE,Yes,50,,,None,,Gold Slime,Gilded Ginger,Glass Desert - First Half,Gold Plort,7,None,,,
[x:160|y:7|z:79],Dry Reef - A Darn Good Boot,H Note - Dry Reef - A Darn Good Boot,Dry Reef - Main,H Note,No,0,Obscure Locations,,The Slime Sea - Between Grotto and Dry Reef Island 1,The Slime Sea - Between Grotto and Dry Reef Island 2,No,NONE,Yes,50,,,None,,Saber Slime,None,The Wilds,Saber Plort,164,None,,,
[x:160|y:7|z:79],Dry Reef - A Darn Good Boot,H Note - Dry Reef - A Darn Good Boot,Dry Reef - Main,H Note,Yes,50,None,,The Slime Sea - Between Grotto and Dry Reef Island 1,The Slime Sea - Between Grotto and Dry Reef Island 2,No,NONE,No,0,,,"Precise Movement, Dangerous Skips",,Quicksilver Slime,N/A,Nimble Valley,N/A,0,None,,,
[x:-260|y:-2|z:-151],Dry Reef - Tiny Not-Huge Island,Secret Style - Dry Reef - Near Entrance to Ring Island,Dry Reef - Beach,Secret Style,Yes,50,None,,Dry Reef - Offshoot,The Slime Sea - Between Grotto and Dry Reef Island 2,No,NONE,Yes,50,,,None,,Glitch Slime,N/A,The Slimeulation,N/A,0,None,,,
[x:392|y:-1|z:248],Indigo Quarry - Peeping Puddle Slimes,H Note - Indigo Quarry - Hobson Bathing,Indigo Quarry - Before First Bridge,H Note,No,0,None,,Dry Reef - Main,The Slime Sea - Mustache Shrine,No,NONE,Yes,250,,,Obscure Locations,,Puddle Slime,N/A,"Moss Blanket - Main, Indigo Quarry - Before First Bridge, Ancient Ruins - Main",Puddle Plort,73,None,,,
[x:434|y:4|z:390],Indigo Quarry - Under a Hexium Crystal,Treasure Pod MKI - Indigo Quarry - Near Entrance to Ash Isles,Indigo Quarry - After The Bridge,Treasure Cracker MKI,No,0,None,,Moss Blanket - Hunter's Domain,The Slime Sea - Off Moss Blanket,No,Moss Blanket,Yes,250,,,None,,Puddle Slime,N/A,Dry Reef - Main,Puddle Plort,73,Market Logic,,,
[x:391|y:-5|z:643],Ash Isles - Looking to the Stars,H Note - Ash Isles - At the Entrance,Indigo Quarry - Ash Isles,H Note,No,0,None,,Moss Blanket - Hunter's Domain,The Slime Sea - Off Moss Blanket,No,Moss Blanket,Yes,200,,,Obscure Locations,,Fire Slime,N/A,"Glass Desert - First Half, Glass Desert - Second Half",Fire Plort,109,None,,,
[x:444|y:-2|z:661],Ash Isles - Blooming from Fire Flowers,Secret Style - Ash Isles - Blooming from Fire Flowers,Indigo Quarry - Ash Isles,Secret Style,No,0,None,,Dry Reef - Main,Indigo Quarry - Before First Bridge,Yes,Indigo Quarry,No,0,,,None,,,,,,,,,,
[x:-69|y:-4|z:411],Moss Blanket - Fairy Circle Treasure,Secret Style - Moss Blanket - Fairy Circle,Moss Blanket - Main,Secret Style,No,0,None,,Indigo Quarry - After The Bridge,Indigo Quarry - Before First Bridge,No,Indigo Quarry,Yes,50,,,None,,,,,,,,,,
[x:-339|y:14|z:460],Moss Blanket - Map Data Node,Map Data Node - Moss Blanket,Moss Blanket - Main,Map Data Node,No,0,Easy Skips,,Indigo Quarry - Before First Bridge,Indigo Quarry - After The Bridge,No,Indigo Quarry,Yes,50,,,None,,,,,,,,,,
[x:-339|y:14|z:460],Moss Blanket - Map Data Node,Map Data Node - Moss Blanket,Moss Blanket - Main,Map Data Node,Yes,50,None,,Indigo Quarry - Ancient Ruins Transition Overlap,Indigo Quarry - After The Bridge,No,Indigo Quarry,No,0,,,None,,,,,,,,,,
[x:-533|y:35|z:-209],Ring Island - King of the Hill,Secret Style - Ring Island - Top of the Mountain,Dry Reef - Ring Island,Secret Style,No,0,Easy Skips,,Indigo Quarry - After The Bridge,Indigo Quarry - Ash Isles,No,Indigo Quarry,No,0,,,None,,,,,,,,,,
[x:-533|y:35|z:-209],Ring Island - King of the Hill,Secret Style - Ring Island - Top of the Mountain,Dry Reef - Ring Island,Secret Style,Yes,50,None,,Indigo Quarry - After The Bridge,Indigo Quarry - Ancient Ruins Transition Overlap,No,"Indigo Quarry, Ancient Ruins Transition",No,0,,,None,,,,,,,,,,
[x:-490|y:36|z:-207],Ring Island - Flower Viewing on a Cliff,Treasure Pod MKI - Ring Island - Flowery Cache,Dry Reef - Ring Island,Treasure Cracker MKI,No,0,Easy Skips,,Ancient Ruins Transition,Indigo Quarry - Ancient Ruins Transition Overlap,Yes,"Indigo Quarry, Ancient Ruins Transition",No,0,,,None,,,,,,,,,,
[x:-490|y:36|z:-207],Ring Island - Flower Viewing on a Cliff,Treasure Pod MKI - Ring Island - Flowery Cache,Dry Reef - Ring Island,Treasure Cracker MKI,Yes,50,None,,Post-Game,Indigo Quarry - H Vault,Yes,Indigo Quarry,Yes,50,,,Post-Game,,,,,,,,,,
[x:-571|y:-4|z:-342],Ring Island - Naturally Curious,H Note - Ring Island - We'd Get Along Just Fine,Dry Reef - Ring Island,H Note,Yes,50,None,,Post-Game,Indigo Quarry - H Vault,Yes,Indigo Quarry,No,0,,,"Precise Movement, Post-Game",,,,,,,,,,
[x:-282|y:0|z:399],Moss Blanket - New Ancient Jungle,H Note - Moss Blanket - Central Hub,Moss Blanket - Main,H Note,No,0,None,,Dry Reef - Main,Moss Blanket - Main,Yes,Moss Blanket,No,0,,,None,,,,,,,,,,
[x:-280|y:9|z:353],Moss Blanket - Overgrown Fungus Pod,Treasure Pod MKI - Moss Blanket - Surrounded by Mushrooms,Moss Blanket - Main,Treasure Cracker MKI,No,0,Obscure Locations,,Dry Reef - Main,Moss Blanket - Main,No,Moss Blanket,Yes,100,,,Easy Skips,,,,,,,,,,
[x:-280|y:9|z:353],Moss Blanket - Overgrown Fungus Pod,Treasure Pod MKI - Moss Blanket - Surrounded by Mushrooms,Moss Blanket - Main,Treasure Cracker MKI,Yes,100,None,,Moss Blanket - Main,Moss Blanket - Mushroom Island,No,Moss Blanket,Yes,100,,,None,,,,,,,,,,
[x:-170|y:7|z:399],Moss Blanket - MOSS BLANKET STUCK,H Note - Moss Blanket - I Got Stuck,Moss Blanket - Main,H Note,No,0,Largo Jumps,,Moss Blanket - Main,Moss Blanket - Mushroom Island,No,Moss Blanket,No,0,,,"Precise Movement, Obscure Locations",,,,,,,,,,
[x:-170|y:7|z:399],Moss Blanket - MOSS BLANKET STUCK,H Note - Moss Blanket - I Got Stuck,Moss Blanket - Main,H Note,Yes,100,None,,Moss Blanket - Main,Moss Blanket - Hunter's Domain,No,Moss Blanket,No,0,,,"Precise Movement, Dangerous Skips",,,,,,,,,,
[x:-310|y:0|z:480],Moss Blanket - Hidden Flowery Place,Treasure Pod MKI - Moss Blanket - Flowery Dead End,Moss Blanket - Main,Treasure Cracker MKI,No,0,None,,Moss Blanket - Main,Moss Blanket - Hunter's Domain,No,Moss Blanket,Yes,50,,,None,,,,,,,,,,
[x:-36|y:6|z:-52],Dry Reef - Hidden Away on an ARCH-ipelago,Treasure Pod MKII - Dry Reef - Hidden on Arch Island,Dry Reef - Main,Treasure Cracker MKII,Yes,100,None,,Post-Game,Moss Blanket - H Vault,Yes,Moss Blanket,Yes,100,,,Post-Game,,,,,,,,,,
[x:-115|y:-2|z:-101],Dry Reef - Carrot Chest,Treasure Pod MKII - Dry Reef - Carrot Patch Cache,Dry Reef - Beach,Treasure Cracker MKII,No,0,None,,Moss Blanket - Main,Ancient Ruins Transition,Yes,Ancient Ruins Transition,No,0,,,None,,,,,,,,,,
[x:-518|y:25|z:-181],Ring Island - Perilously Perched Pod,Treasure Pod MKI - Ring Island - Brick Path,Dry Reef - Ring Island,Treasure Cracker MKII,No,0,Precise Movement,,Indigo Quarry - Ancient Ruins Transition Overlap,Ancient Ruins Transition,Yes,Ancient Ruins Transition,No,0,,,None,,,,,,,,,,
[x:-518|y:25|z:-181],Ring Island - Perilously Perched Pod,Treasure Pod MKI - Ring Island - Brick Path,Dry Reef - Ring Island,Treasure Cracker MKII,Yes,50,None,,Ancient Ruins Transition,Ancient Ruins - Main,No,Ancient Ruins,No,0,"Tabby Plort, Rock Plort, Phosphor Plort, Boom Plort, Rad Plort, Honey Plort",,None,,,,,,,,,,
[x:-83|y:11|z:166],Dry Reef - Overlooking the Tarr Hotspot,Treasure Pod MKII - Dry Reef - On a Grassy Cliff,Dry Reef - Main,Treasure Cracker MKII,No,0,Obscure Locations,,Ancient Ruins - Main,Ancient Ruins - Teleporter Room,Yes,Ancient Ruins,No,0,,,None,,,,,,,,,,
[x:-83|y:11|z:166],Dry Reef - Overlooking the Tarr Hotspot,Treasure Pod MKII - Dry Reef - On a Grassy Cliff,Dry Reef - Main,Treasure Cracker MKII,No,50,Jetpack Boosts,,Ancient Ruins - Teleporter Room,Glass Desert - First Half,No,Glass Desert,No,0,Quantum Plort,,None,,,,,,,,,,
[x:-83|y:11|z:166],Dry Reef - Overlooking the Tarr Hotspot,Treasure Pod MKII - Dry Reef - On a Grassy Cliff,Dry Reef - Main,Treasure Cracker MKII,Yes,100,None,,Glass Desert - First Half,Glass Desert - Second Half,Yes,Glass Desert,No,0,,,None,,,,,,,,,,
[x:477|y:5|z:154],Indigo Quarry - Above the Smoke and Ashes,Treasure Pod MKII - Indigo Quarry - Ash and Crystal Peak,Indigo Quarry - Before First Bridge,Treasure Cracker MKII,No,0,Easy Skips,,Glass Desert - First Half,Glass Desert - Second Half,No,Glass Desert,Yes,100,,,"Precise Movement, Obscure Locations",,,,,,,,,,
[x:477|y:5|z:154],Indigo Quarry - Above the Smoke and Ashes,Treasure Pod MKII - Indigo Quarry - Ash and Crystal Peak,Indigo Quarry - Before First Bridge,Treasure Cracker MKII,Yes,50,None,,Glass Desert - First Half,Glass Desert - Second Half,No,Glass Desert,Yes,150,,,Obscure Locations,,,,,,,,,,
[x:406|y:-3|z:235],Indigo Quarry - Personal Puddle Pod,Treasure Pod MKII - Indigo Quarry - Pond Pod,Indigo Quarry - Before First Bridge,Treasure Cracker MKII,No,0,None,,Ogden's Retreat,The Wilds,No,The Wilds,No,0,,,None,,,,,,,,,,
[x:205|y:1|z:275],Indigo Quarry - Under Crumbled Scaffolding,Treasure Pod MKII - Indigo Quarry - Under Crumbled Scaffolding,Indigo Quarry - After The Bridge,Treasure Cracker MKII,No,0,None,,Mochi's Manor,Nimble Valley,No,Nimble Valley,No,0,,,None,,,,,,,,,,
[x:293|y:-4|z:214],Indigo Quarry - Slightly Irradiated Reward,Treasure Pod MKII - Indigo Quarry - Radioactive Cave Pillar,Indigo Quarry - After The Bridge,Treasure Cracker MKII,No,0,None,,Viktor's Workshop,The Slimeulation,No,The Slimeulations,No,0,,,None,,,,,,,,,,
[x:119|y:25|z:335],Indigo Quarry - Treasure After the End,Treasure Pod MKII - Indigo Quarry - Post-Exit Rewards,Indigo Quarry - Ancient Ruins Transition Overlap,Treasure Cracker MKII,No,0,None,,Glass Desert - Second Half,Post-Game,No,NONE,No,0,,,Post-Game,,,,,,,,,,
[x:42|y:-6|z:358],Indigo Quarry - Follow the Ravine,Secret Style - Indigo Quarry - Beneath the Cliff Floor,Indigo Quarry - Ancient Ruins Transition Overlap,Secret Style,No,0,None,,,,,,,,,,,,,,,,,,,,
[x:488|y:16|z:682],Ash Isles - Atop a Firey Perch,Treasure Pod MKII - Ash Isles - Alone on a Fire Flower Column,Indigo Quarry - Ash Isles,Treasure Cracker MKII,No,0,None,,,,,,,,,,,,,,,,,,,,
[x:207|y:12|z:-118],The Grotto - The Limitless Black of Space,H Note - The Grotto - Phosphor Slimes in the Dark,The Grotto,H Note,No,0,None,,,,,,,,,,,,,,,,,,,,
[x:305|y:0|z:-77],The Grotto - Overlooking the Slime Sea,Treasure Pod MKII - The Grotto - Not Quite Inside,The Grotto,Treasure Cracker MKII,No,0,None,,,,,,,,,,,,,,,,,,,,
[x:394|y:-4|z:-36],Slime Sea - In Between a Rock and an Island,Secret Style - Slime Sea - On an Archipelago Path,The Slime Sea - Between Grotto and Dry Reef Island 1,Secret Style,No,0,None,,,,,,,,,,,,,,,,,,,,
[x:265|y:7|z:55],Dry Reef - On the Middle Shelf,Treasure Pod MKII - Dry Reef - Beneath the Wooden Scaffolding,Dry Reef - Offshoot,Treasure Cracker MKII,Yes,50,None,,,,,,,,,,,,,,,,,,,,
[x:265|y:7|z:55],Dry Reef - On the Middle Shelf,Treasure Pod MKII - Dry Reef - Beneath the Wooden Scaffolding,Dry Reef - Offshoot,Treasure Cracker MKII,No,0,Precise Movement,,,,,,,,,,,,,,,,,,,,
[x:-111|y:3|z:376],Moss Blanket - The Cupboard under the Stairs,Treasure Pod MKII - Moss Blanket - The Cupboard under the Stairs,Moss Blanket - Main,Treasure Cracker MKII,Yes,100,None,,,,,,,,,,,,,,,,,,,,
[x:-111|y:3|z:376],Moss Blanket - The Cupboard under the Stairs,Treasure Pod MKII - Moss Blanket - The Cupboard under the Stairs,Moss Blanket - Main,Treasure Cracker MKII,No,0,Largo Jumps,,,,,,,,,,,,,,,,,,,,
[x:-111|y:3|z:376],Moss Blanket - The Cupboard under the Stairs,Treasure Pod MKII - Moss Blanket - The Cupboard under the Stairs,Moss Blanket - Main,Treasure Cracker MKII,No,0,Obscure Locations,,,,,,,,,,,,,,,,,,,,
[x:-273|y:19|z:523],Moss Blanket - Above the Hungry Hungry Largos,Treasure Pod MKI - Moss Blanket - Above the Boom Largo Crevice,Moss Blanket - Main,Treasure Cracker MKI,No,0,Precise Movement,,,,,,,,,,,,,,,,,,,,
[x:-273|y:19|z:523],Moss Blanket - Above the Hungry Hungry Largos,Treasure Pod MKI - Moss Blanket - Above the Boom Largo Crevice,Moss Blanket - Main,Treasure Cracker MKI,Yes,50,None,,,,,,,,,,,,,,,,,,,,
[x:-519|y:1|z:561],Moss Blanket - Can't Recommend Love Enough,H Note - Moss Blanket - Have You Ever Been In Love?,Moss Blanket - Mushroom Island,H Note,No,0,None,,,,,,,,,,,,,,,,,,,,
[x:-510|y:3|z:586],Moss Blanket - Just Under a Ledge,Treasure Pod MKII - Moss Blanket - Just Under a Ledge,Moss Blanket - Mushroom Island,Treasure Cracker MKII,No,0,None,,,,,,,,,,,,,,,,,,,,
[x:-357|y:-2|z:611],Moss Blanket - On a Lone Island,Secret Style - Moss Blanket - Off the Unbeaten Path,Moss Blanket - Mushroom Island,Secret Style,Yes,50,None,,,,,,,,,,,,,,,,,,,,
[x:-357|y:-2|z:611],Moss Blanket - On a Lone Island,Secret Style - Moss Blanket - Off the Unbeaten Path,Moss Blanket - Mushroom Island,Secret Style,No,0,"Precise Movement, Dangerous Skips",,,,,,,,,,,,,,,,,,,,
[x:-336|y:-3|z:548],Moss Blanket - At the Bottom of a Sheer Wall,Treasure Pod MKII - Moss Blanket - At the Bottom of a Sheer Wall,Moss Blanket - Mushroom Island,Treasure Cracker MKII,No,0,None,,,,,,,,,,,,,,,,,,,,
[x:-247|y:0|z:585],Moss Blanket - Briar Hen Pen,Treasure Pod MKI - Moss Blanket - In the Honey Heaven,Moss Blanket - Main,Treasure Cracker MKI,No,0,None,,,,,,,,,,,,,,,,,,,,
[x:-370|y:3|z:683],Moss Blanket - Peepers Peeled!,H Note - Moss Blanket - Peepers Peeled!,Moss Blanket - Hunter's Domain,H Note,No,0,None,,,,,,,,,,,,,,,,,,,,
[x:-349|y:19|z:799],Moss Blanket - Tall Tree Treasure,"Treasure Pod MKI - Moss Blanket - Very, Very, Very Tall Tree",Moss Blanket - Hunter's Domain,Treasure Cracker MKI,Yes,100,Precise Movement,,,,,,,,,,,,,,,,,,,,
[x:-349|y:19|z:799],Moss Blanket - Tall Tree Treasure,"Treasure Pod MKI - Moss Blanket - Very, Very, Very Tall Tree",Moss Blanket - Hunter's Domain,Treasure Cracker MKI,Yes,150,None,,,,,,,,,,,,,,,,,,,,
[x:-187|y:-3|z:828],Moss Blanket - The Lost Archipelago,Treasure Pod MKI - Moss Blanket - The Lost Archipelago,Moss Blanket - Hunter's Domain,Treasure Cracker MKI,Yes,100,None,,,,,,,,,,,,,,,,,,,,
[x:-214|y:1|z:680],Moss Blanket - Under The (Not) Sea,Treasure Pod MKI - Moss Blanket - Under the Log River,Moss Blanket - Main,Treasure Cracker MKII,No,0,None,,,,,,,,,,,,,,,,,,,,
[x:-124|y:13|z:713],Moss Blanket - The End Reward,Secret Style - Moss Blanket - Not Quite Hidden,Moss Blanket - Main,Secret Style,No,0,None,,,,,,,,,,,,,,,,,,,,
[x:33|y:22|z:441],Ancient Ruins Transition - Slime Buddy,Treasure Pod MKII - Ancient Ruins Transition - Above the Slime Statues,Ancient Ruins Transition,Treasure Cracker MKII,Yes,50,Precise Movement,,,,,,,,,,,,,,,,,,,,
[x:33|y:22|z:441],Ancient Ruins Transition - Slime Buddy,Treasure Pod MKII - Ancient Ruins Transition - Above the Slime Statues,Ancient Ruins Transition,Treasure Cracker MKII,Yes,100,None,,,,,,,,,,,,,,,,,,,,
[x:62|y:6|z:621],Ancient Ruins - The Purpose of the Ruins,H Note - Ancient Ruins - These Folks Like Slimes,Ancient Ruins - Main,H Note,No,0,None,,,,,,,,,,,,,,,,,,,,
[x:6|y:-2|z:665],Ancient Ruins - You Gotta Choose a Path,H Note - Ancient Ruins - You Gotta Choose a Path,Ancient Ruins - Main,H Note,No,0,None,,,,,,,,,,,,,,,,,,,,
[x:16|y:20|z:734],Ancient Ruins - Everything Quiet on the Western Front,Secret Style - Ancient Ruins - Isolated in a Corner,Ancient Ruins - Main,Secret Style,No,0,None,,,,,,,,,,,,,,,,,,,,
[x:106|y:20|z:685],Ancient Ruins - Map Data Node,Map Data Node - Ancient Ruins,Ancient Ruins - Main,Map Data Node,No,0,None,,,,,,,,,,,,,,,,,,,,
[x:164|y:4|z:660],Ancient Ruins - Hidden Nook,Treasure Pod MKII - Ancient Ruins - Hidden Nook,Ancient Ruins - Main,Treasure Cracker MKII,No,0,Precise Movement,,,,,,,,,,,,,,,,,,,,
[x:164|y:4|z:660],Ancient Ruins - Hidden Nook,Treasure Pod MKII - Ancient Ruins - Hidden Nook,Ancient Ruins - Main,Treasure Cracker MKII,No,0,Largo Jumps,,,,,,,,,,,,,,,,,,,,
[x:164|y:4|z:660],Ancient Ruins - Hidden Nook,Treasure Pod MKII - Ancient Ruins - Hidden Nook,Ancient Ruins - Main,Treasure Cracker MKII,Yes,50,Jetpack Boosts,,,,,,,,,,,,,,,,,,,,
[x:164|y:4|z:660],Ancient Ruins - Hidden Nook,Treasure Pod MKII - Ancient Ruins - Hidden Nook,Ancient Ruins - Main,Treasure Cracker MKII,Yes,100,None,,,,,,,,,,,,,,,,,,,,
[x:118|y:18|z:727],Ancient Ruins - At the End of a Broken Pillar Path,Treasure Pod MKII - Ancient Ruins - At the End of a Broken Pillar Path,Ancient Ruins - Main,Treasure Cracker MKII,No,0,Precise Movement,,,,,,,,,,,,,,,,,,,,
[x:118|y:18|z:727],Ancient Ruins - At the End of a Broken Pillar Path,Treasure Pod MKII - Ancient Ruins - At the End of a Broken Pillar Path,Ancient Ruins - Main,Treasure Cracker MKII,Yes,50,None,,,,,,,,,,,,,,,,,,,,
[x:96|y:-2|z:726],Ancient Ruins - Tree Memorial,Treasure Pod MKI - Ancient Ruins - Tree Memorial,Ancient Ruins - Main,Treasure Cracker MKI,No,0,None,,,,,,,,,,,,,,,,,,,,
[x:50|y:-6|z:692],Ancient Ruins - The Hidden Turnabout,Treasure Pod MKII - Ancient Ruins - Double Back Pod,Ancient Ruins - Main,Treasure Cracker MKII,No,0,None,,,,,,,,,,,,,,,,,,,,
[x:15|y:2|z:748],Ancient Ruins - Caught Up in the Explosion,Treasure Pod MKII - Ancient Ruins - Crumbled Pillar,Ancient Ruins - Main,Treasure Cracker MKII,No,0,None,,,,,,,,,,,,,,,,,,,,
[x:137|y:-1|z:758],Ancient Ruins - A Flowery Respite,Treasure Pod MKI - Ancient Ruins - Flowery Ledge,Ancient Ruins - Main,Treasure Cracker MKI,No,0,Precise Movement,,,,,,,,,,,,,,,,,,,,
[x:137|y:-1|z:758],Ancient Ruins - A Flowery Respite,Treasure Pod MKI - Ancient Ruins - Flowery Ledge,Ancient Ruins - Main,Treasure Cracker MKI,Yes,100,None,,,,,,,,,,,,,,,,,,,,
[x:83|y:34|z:812],Ancient Ruins - Overlooking From a Flowery Ledge,Treasure Pod MKII - Ancient Ruins - The End of a Long and Arduous Journey,Ancient Ruins - Main,Treasure Cracker MKII,No,0,None,,,,,,,,,,,,,,,,,,,,
[x:39|y:22|z:823],Ancient Ruins - Ice-Cold Lemonade,H Note - Ancient Ruins - Ice-Cold Lemonade,Ancient Ruins - Main,H Note,No,0,None,,,,,,,,,,,,,,,,,,,,
[x:71|y:17|z:977],Ancient Ruins - Above the Ancient Teleporter,Secret Style - Ancient Ruins - Above the Ancient Teleporter,Ancient Ruins - Main,Secret Style,No,0,None,,,,,,,,,,,,,,,,,,,,
[x:73|y:-5|z:956],Ancient Ruins - In a Crumbled Pile,Treasure Pod MKII - Ancient Ruins - Right Before the Ancient Teleporter,Ancient Ruins - Main,Treasure Cracker MKII,No,0,None,,,,,,,,,,,,,,,,,,,,
[x:44|y:-5|z:1079],Ancient Ruins - Truly Untamed Country,H Note - Ancient Ruins - Truly Untamed Country,Ancient Ruins - Teleporter Room,H Note,No,0,None,,,,,,,,,,,,,,,,,,,,
[x:1|y:-5|z:-20],Dry Reef - Hidden Crevice Under the Hidden Cliff,Treasure Pod MKIII - Dry Reef - Hidden Crevice under the Hidden Cliff,Dry Reef - Main,Treasure Cracker MKIII,No,0,None,,,,,,,,,,,,,,,,,,,,
[x:210|y:4|z:198],Indigo Quarry - Hidden Behind Stalagtmites,Treasure Pod MKIII - Indigo Quarry - Hidden Behind Stalagtmites,Indigo Quarry - Before First Bridge,Treasure Cracker MKIII,No,0,None,,,,,,,,,,,,,,,,,,,,
[x:413|y:10|z:204],Indigo Quarry - On a Cliff Before Puddle Lake,Treasure Pod MKIII - Indigo Quarry - On a Cliff Before Puddle Lake,Indigo Quarry - Before First Bridge,Treasure Cracker MKIII,No,0,Easy Skips,,,,,,,,,,,,,,,,,,,,
[x:413|y:10|z:204],Indigo Quarry - On a Cliff Before Puddle Lake,Treasure Pod MKIII - Indigo Quarry - On a Cliff Before Puddle Lake,Indigo Quarry - Before First Bridge,Treasure Cracker MKIII,Yes,50,None,,,,,,,,,,,,,,,,,,,,
[x:318|y:10|z:287],Indigo Quarry - Isolated from the Quarry,Treasure Pod MKIII - Indigo Quarry - Through the Radiation Cave,Indigo Quarry - After The Bridge,Treasure Cracker MKIII,Yes,100,None,,,,,,,,,,,,,,,,,,,,
[x:316|y:-6|z:425],Indigo Quarry - Crystal Cache behind Rickety Bridges,Treasure Pod MKIII - Indigo Quarry - Crystal Cache behind Rickety Bridges,Indigo Quarry - After The Bridge,Treasure Cracker MKIII,No,0,"Precise Movement, Dangerous Skips",,,,,,,,,,,,,,,,,,,,
[x:316|y:-6|z:425],Indigo Quarry - Crystal Cache behind Rickety Bridges,Treasure Pod MKIII - Indigo Quarry - Crystal Cache behind Rickety Bridges,Indigo Quarry - After The Bridge,Treasure Cracker MKIII,Yes,50,None,,,,,,,,,,,,,,,,,,,,
[x:114|y:10|z:232],Indigo Quarry - Across Hexium Crystal Formations,Treasure Pod MKIII - Indigo Quarry - Across Hexium Crystal Formations,Indigo Quarry - Before First Bridge,Treasure Cracker MKIII,Yes,50,None,,,,,,,,,,,,,,,,,,,,
[x:-575|y:-4|z:-265],Ring Island - On a Dirty Patch,Treasure Pod MKIII - Ring Island - Hidden on the Backside of the Island,Dry Reef - Ring Island,Treasure Cracker MKIII,No,0,None,,,,,,,,,,,,,,,,,,,,
[x:185|y:15|z:-303],The Lab - The Wonders of Plort Technology,H Note - The Lab - The Wonders of Plort Technology,The Lab,H Note,No,0,None,,,,,,,,,,,,,,,,,,,,
[x:205|y:16|z:-309],The Lab - Tinkerer's Starting Cache,Treasure Pod MKI - The Lab - Atop a Crate Pile,The Lab,Treasure Cracker MKI,No,0,None,,,,,,,,,,,,,,,,,,,,
[x:487|y:11|z:807],Ash Isles - The Edge of the World,Treasure Pod MKIII - Ash Isles - The Edge of the World,Indigo Quarry - Ash Isles,Treasure Cracker MKIII,No,0,Precise Movement,,,,,,,,,,,,,,,,,,,,
[x:487|y:11|z:807],Ash Isles - The Edge of the World,Treasure Pod MKIII - Ash Isles - The Edge of the World,Indigo Quarry - Ash Isles,Treasure Cracker MKIII,Yes,50,None,,,,,,,,,,,,,,,,,,,,
[x:-438|y:12|z:217],The Slime Sea - Floating Alone in the Sea,Treasure Pod MKII - The Slime Sea - Island Alone in the Sea,Dry Reef - Main,Treasure Cracker MKII,Yes,250,None,,,,,,,,,,,,,,,,,,,,
[x:-945|y:20|z:225],The Mustache Shrine - Mustache Stache Cache,Treasure Pod MKIII - The Mustache Shrine - Mustache Stache Cache,The Slime Sea - Mustache Shrine,Treasure Cracker MKIII,No,0,None,,,,,,,,,,,,,,,,,,,,
[x:-517|y:-4|z:333],Moss Blanket - Lonely Rock Pile,Treasure Pod MKIII - Moss Blanket - Behind a Lonely Mountain,Moss Blanket - Main,Treasure Cracker MKIII,Yes,150,"Precise Movement, Dangerous Skips",,,,,,,,,,,,,,,,,,,,
[x:-517|y:-4|z:333],Moss Blanket - Lonely Rock Pile,Treasure Pod MKIII - Moss Blanket - Behind a Lonely Mountain,Moss Blanket - Main,Treasure Cracker MKIII,Yes,200,None,,,,,,,,,,,,,,,,,,,,
[x:-227|y:0|z:459],Moss Blanket - In the Roots of a Huge Tree,Treasure Pod MKIII - Moss Blanket - Under a Small Plateu,Moss Blanket - Main,Treasure Cracker MKIII,No,0,None,,,,,,,,,,,,,,,,,,,,
[x:-117|y:14|z:443],Moss Blanket - Overlooking the Tiny Pond,Treasure Pod MKIII - Moss Blanket - The Cliff Over the Pond,Moss Blanket - Main,Treasure Cracker MKIII,No,0,Obscure Locations,,,,,,,,,,,,,,,,,,,,
[x:-117|y:14|z:443],Moss Blanket - Overlooking the Tiny Pond,Treasure Pod MKIII - Moss Blanket - The Cliff Over the Pond,Moss Blanket - Main,Treasure Cracker MKIII,Yes,100,None,,,,,,,,,,,,,,,,,,,,
[x:-431|y:-3|z:566],Moss Blanket - Sunken Treasure,Treasure Pod MKIII - Moss Blanket - Submerged under Big Tree Roots,Moss Blanket - Mushroom Island,Treasure Cracker MKIII,No,0,None,,,,,,,,,,,,,,,,,,,,
[x:-298|y:-6|z:627],Moss Blanket - In the Rock Circle,Treasure Pod MKIII - Moss Blanket - Under the Log Bridge,Moss Blanket - Main,Treasure Cracker MKIII,No,0,Dangerous Skips,,,,,,,,,,,,,,,,,,,,
[x:-298|y:-6|z:627],Moss Blanket - In the Rock Circle,Treasure Pod MKIII - Moss Blanket - Under the Log Bridge,Moss Blanket - Main,Treasure Cracker MKIII,Yes,50,None,,,,,,,,,,,,,,,,,,,,
[x:-509|y:26|z:809],The Slime Sea - On the Giant Tree Stump,Treasure Pod MKIII - The Slime Sea - On the Giant Tree Stump,The Slime Sea - Off Moss Blanket,Treasure Cracker MKIII,No,0,None,,,,,,,,,,,,,,,,,,,,
[x:-187|y:-3|z:743],Moss Blanket - The 'Missed the Jump' Crevice,Treasure Pod MKIII - Moss Blanket - Not-So-Hidden Crevice,Moss Blanket - Hunter's Domain,Treasure Cracker MKIII,Yes,100,None,,,,,,,,,,,,,,,,,,,,
[x:18|y:20|z:642],Ancient Ruins - There's Slimes in the Walls,Treasure Pod MKIII - Ancient Ruins - Hidden Behind a Wall,Ancient Ruins - Main,Treasure Cracker MKIII,Yes,50,None,,,,,,,,,,,,,,,,,,,,
[x:194|y:35|z:645],Ancient Ruins - Collapsed Upper Staircase,Treasure Pod MKIII - Ancient Ruins - Hidden Upper Room,Ancient Ruins - Main,Treasure Cracker MKIII,Yes,100,None,,,,,,,,,,,,,,,,,,,,
[x:115|y:23|z:783],Ancient Ruins - The Room With No Door,Treasure Pod MKIII - Ancient Ruins - Hidden Room Behind a Leaf Drape,Ancient Ruins - Main,Treasure Cracker MKIII,Yes,50,None,,,,,,,,,,,,,,,,,,,,
[x:115|y:23|z:783],Ancient Ruins - The Room With No Door,Treasure Pod MKIII - Ancient Ruins - Hidden Room Behind a Leaf Drape,Ancient Ruins - Main,Treasure Cracker MKIII,No,0,Precise Movement,,,,,,,,,,,,,,,,,,,,
[x:114|y:44|z:782],Ancient Ruins - Shrine Overlooking the Ancient Ruins,Treasure Pod MKIII - Ancient Ruins - Shrine Overlooking the Ancient Ruins,Ancient Ruins - Main,Treasure Cracker MKIII,Yes,50,Jetpack Boosts,,,,,,,,,,,,,,,,,,,,
[x:114|y:44|z:782],Ancient Ruins - Shrine Overlooking the Ancient Ruins,Treasure Pod MKIII - Ancient Ruins - Shrine Overlooking the Ancient Ruins,Ancient Ruins - Main,Treasure Cracker MKIII,No,0,"Obscure Locations, Largo Jumps",,,,,,,,,,,,,,,,,,,,
[x:114|y:44|z:782],Ancient Ruins - Shrine Overlooking the Ancient Ruins,Treasure Pod MKIII - Ancient Ruins - Shrine Overlooking the Ancient Ruins,Ancient Ruins - Main,Treasure Cracker MKIII,Yes,100,None,,,,,,,,,,,,,,,,,,,,
[x:151|y:31|z:848],Ancient Ruins - Hidden Nook on a High Up Platform,Treasure Pod MKIII - Ancient Ruins - Hidden Nook on a High Up Platform,Ancient Ruins - Main,Treasure Cracker MKIII,No,100,None,,,,,,,,,,,,,,,,,,,,
[x:28|y:1|z:896],Ancient Ruins - Just Around the Corner,Treasure Pod MKIII - Ancient Ruins - Follow the Sunken Pillars,Ancient Ruins - Main,Treasure Cracker MKIII,No,0,"Precise Movement, Obscure Locations",,,,,,,,,,,,,,,,,,,,
[x:28|y:1|z:896],Ancient Ruins - Just Around the Corner,Treasure Pod MKIII - Ancient Ruins - Follow the Sunken Pillars,Ancient Ruins - Main,Treasure Cracker MKIII,Yes,50,None,,,,,,,,,,,,,,,,,,,,
[x:102|y:1077|z:932],Glass Desert - Buried Among Rubble,Treasure Pod MKII - Glass Desert - Buried Among Rubble,Glass Desert - First Half,Treasure Cracker MKII,No,0,None,,,,,,,,,,,,,,,,,,,,
[x:91|y:1067|z:947],Glass Desert - Slime Statue Offering,Treasure Pod MKIII - Glass Desert - Slime Statue Offering,Glass Desert - First Half,Treasure Cracker MKIII,Yes,200,None,,,,,,,,,,,,,,,,,,,,
[x:54|y:1087|z:613],Glass Desert - At the Tippy Top of the Highest Mountain,Treasure Pod MKIII - Glass Desert - At the Tippy Top of the Highest Mountain,Glass Desert - First Half,Treasure Cracker MKIII,Yes,200,Precise Movement,,,,,,,,,,,,,,,,,,,,
[x:54|y:1087|z:613],Glass Desert - At the Tippy Top of the Highest Mountain,Treasure Pod MKIII - Glass Desert - At the Tippy Top of the Highest Mountain,Glass Desert - First Half,Treasure Cracker MKIII,Yes,250,None,,,,,,,,,,,,,,,,,,,,
[x:48|y:1026|z:559],Glass Desert - Behind a False Wall,Treasure Pod MKIII - Glass Desert - Hidden Behind a Tangle Statue,Glass Desert - First Half,Treasure Cracker MKII,No,0,None,,,,,,,,,,,,,,,,,,,,
[x:-43|y:1020|z:577],Glass Desert - You'll Risk Burning Your Tuchus!,H Note - Glass Desert - You'' Risk Burning Your Tuchus!,Glass Desert - First Half,H Note,No,0,None,,,,,,,,,,,,,,,,,,,,
[x:-49|y:1045|z:603],Glass Desert - Atop the Pillar before a Chasm,Treasure Pod MKII - Glass Desert - Atop the Pillar before a Chasm,Glass Desert - First Half,Treasure Cracker MKII,Yes,100,None,,,,,,,,,,,,,,,,,,,,
[x:-14|y:1024|z:507],Glass Desert - Painted Hen Stowaway Crate,Secret Style - Glass Desert - Underneath Where the Tangle Slimes Roam,Glass Desert - First Half,Secret Style,No,0,None,,,,,,,,,,,,,,,,,,,,
[x:3|y:1024|z:395],Glass Desert - Map Data Node,Map Data Node - Glass Desert,Glass Desert - First Half,Map Data Node,No,0,None,,,,,,,,,,,,,,,,,,,,
[x:-19|y:1053|z:414],Glass Desert - The Side of the Central Ruin,Treasure Pod MKIII - Glass Desert - Halfway up a Towering Tower,Glass Desert - First Half,Treasure Cracker MKIII,Yes,100,Precise Movement,,,,,,,,,,,,,,,,,,,,
[x:-19|y:1053|z:414],Glass Desert - The Side of the Central Ruin,Treasure Pod MKIII - Glass Desert - Halfway up a Towering Tower,Glass Desert - First Half,Treasure Cracker MKIII,Yes,150,None,,,,,,,,,,,,,,,,,,,,
[x:-22|y:1055|z:521],Glass Desert - In a High-up Nook,Treasure Pod MKIII - Glass Desert - In a High-up Nook,Glass Desert - First Half,Treasure Cracker MKIII,Yes,150,None,,,,,,,,,,,,,,,,,,,,
[x:-22|y:1055|z:521],Glass Desert - In a High-up Nook,Treasure Pod MKIII - Glass Desert - In a High-up Nook,Glass Desert - First Half,Treasure Cracker MKIII,Yes,100,Precise Movement,,,,,,,,,,,,,,,,,,,,
[x:93|y:1028|z:414],Glass Desert - On a Private Island,Secret Style - Glass Desert - On an Island by Itself,Glass Desert - Second Half,Secret Style,Yes,50,None,,,,,,,,,,,,,,,,,,,,
[x:114|y:1009|z:467],Glass Desert - Under the Private Island,Treasure Pod MKIII - Glass Desert - Under the Island by Itself,Glass Desert - Second Half,Treasure Cracker MKIII,Yes,50,None,,,,,,,,,,,,,,,,,,,,
[x:159|y:1016|z:317],Glass Desert - Hiding Behind a Sheer Mountain,Treasure Pod MKIII - Glass Desert - Around a Tall Mountain,Glass Desert - Second Half,Treasure Cracker MKIII,Yes,100,None,,,,,,,,,,,,,,,,,,,,
[x:-33|y:994|z:264],Glass Desert - Down in a Hole,Treasure Pod MKII - Glass Desert - Down in a Hole,Glass Desert - Second Half,Treasure Cracker MKII,No,0,None,,,,,,,,,,,,,,,,,,,,
[x:-58|y:1030|z:197],Glass Desert - Two Overlapping Times,H Note - Glass Desert - Flames Burning at an Unperceivable Pace,Glass Desert - Second Half,H Note,No,0,None,,,,,,,,,,,,,,,,,,,,
[x:-73|y:1030|z:194],Glass Desert - Overlooking Great Glass Pillars,Secret Style - Glass Desert - A Tower Near the End,Glass Desert - Second Half,Secret Style,No,0,None,,,,,,,,,,,,,,,,,,,,
[x:-118|y:1035|z:33],Glass Desert - Hover from One Tower to Another,Treasure Pod MKIII - Glass Desert - Atop Twin Pillars,Glass Desert - Second Half,Treasure Cracker MKIII,Yes,100,Precise Movement,,,,,,,,,,,,,,,,,,,,
[x:-118|y:1035|z:33],Glass Desert - Hover from One Tower to Another,Treasure Pod MKIII - Glass Desert - Atop Twin Pillars,Glass Desert - Second Half,Treasure Cracker MKIII,Yes,150,None,,,,,,,,,,,,,,,,,,,,
[x:40|y:1009|z:4],Glass Desert - Two Doors,H Note - Glass Desert - Two Doors,Glass Desert - Second Half,H Note,No,0,None,,,,,,,,,,,,,,,,,,,,
[x:36|y:1012|z:-47],Glass Desert - She Stole a Piece of My Heart,H Note - Glass Desert - She Stole a Piece of My Heart,Glass Desert - Second Half,H Note,No,0,None,,,,,,,,,,,,,,,,,,,,
[x:40|y:1003|z:-123],Glass Desert - Sold the Ranch,H Note - Glass Desert - Sold the Ranch,Glass Desert - Second Half,H Note,No,0,None,,,,,,,,,,,,,,,,,,,,
[x:38|y:1004|z:-184],Glass Desert - I Wasn't Ready,H Note - Glass Desert - I Wasn't Ready,Glass Desert - Second Half,H Note,No,0,None,,,,,,,,,,,,,,,,,,,,
[x:14|y:1048|z:293],Glass Desert - Stupidly High Up,Treasure Pod MKIII - Glass Desert - High Up in the Sky,Glass Desert - Second Half,Treasure Cracker MKIII,Yes,100,Precise Movement,,,,,,,,,,,,,,,,,,,,
[x:14|y:1048|z:293],Glass Desert - Stupidly High Up,Treasure Pod MKIII - Glass Desert - High Up in the Sky,Glass Desert - Second Half,Treasure Cracker MKIII,Yes,150,None,,,,,,,,,,,,,,,,,,,,
[x:-46|y:1028|z:314],Glass Desert - Secret Crevice Above Death Pit,Treasure Pod MKIII - Glass Desert - Ruined Wall On a Cliff,Glass Desert - Second Half,Treasure Cracker MKIII,Yes,100,Precise Movement,,,,,,,,,,,,,,,,,,,,
[x:-46|y:1028|z:314],Glass Desert - Secret Crevice Above Death Pit,Treasure Pod MKIII - Glass Desert - Ruined Wall On a Cliff,Glass Desert - Second Half,Treasure Cracker MKIII,Yes,150,None,,,,,,,,,,,,,,,,,,,,
[x:-102|y:1049|z:389],Glass Desert - Situated on a Collapsed Bridge,Treasure Pod MKIII - Glass Desert - Situated on a Collapsed Bridge,Glass Desert - First Half,Treasure Cracker MKIII,Yes,100,Precise Movement,,,,,,,,,,,,,,,,,,,,
[x:-102|y:1049|z:389],Glass Desert - Situated on a Collapsed Bridge,Treasure Pod MKIII - Glass Desert - Situated on a Collapsed Bridge,Glass Desert - First Half,Treasure Cracker MKIII,Yes,150,None,,,,,,,,,,,,,,,,,,,,
[x:-118|y:1037|z:457],Glass Desert - Hidden in the Rafters,Treasure Pod MKII - Glass Desert - Hidden in the Rafters,Glass Desert - First Half,Treasure Cracker MKII,Yes,100,None,,,,,,,,,,,,,,,,,,,,
[x:-145|y:1003|z:509],Glass Desert - Life Waiting to Flow,H Note - Glass Desert - Glass Desert - Life Waiting to Flow,Glass Desert - First Half,H Note,No,0,None,,,,,,,,,,,,,,,,,,,,
[x:-208|y:1008|z:398],Glass Desert - In a Supporting Pillar,Treasure Pod MKIII - Glass Desert - In a Supporting Pillar,Glass Desert - Second Half,Treasure Cracker MKIII,Yes,100,None,,,,,,,,,,,,,,,,,,,,
[x:-203|y:1024|z:288],Glass Desert - Jagged Rock Formation in a Plateu,Secret Style - Glass Desert - Rocky Outcropping Above a Pit,Glass Desert - Second Half,Secret Style,Yes,50,None,,,,,,,,,,,,,,,,,,,,
[x:-253|y:1009|z:286],Glass Desert - Hidden at the Edge of the Sand Sea,Treasure Pod MKIII - Glass Desert - Hidden at the Edge of the Sand Sea,Glass Desert - Second Half,Treasure Cracker MKIII,No,0,None,,,,,,,,,,,,,,,,,,,,
[x:-206|y:1010|z:211],Glass Desert - At the Base of a Fire Glass Sculpture,Treasure Pod MKIII - Glass Desert - At the Base of a Fire Glass Sculpture,Glass Desert - Second Half,Treasure Cracker MKIII,Yes,200,None,,,,,,,,,,,,,,,,,,,,
[x:-133|y:1003|z:105],Glass Desert - Just Around the Brick Wall,Treasure Pod MKII - Glass Desert - Over the Brick Wall,Glass Desert - Second Half,Treasure Cracker MKII,No,0,Precise Movement,,,,,,,,,,,,,,,,,,,,
[x:-133|y:1003|z:105],Glass Desert - Just Around the Brick Wall,Treasure Pod MKII - Glass Desert - Over the Brick Wall,Glass Desert - Second Half,Treasure Cracker MKII,Yes,100,None,,,,,,,,,,,,,,,,,,,,
[x:2|y:1033|z:97],Glass Desert - The Sand Sea,H Note - Glass Desert - The Sand Sea,Glass Desert - Second Half,H Note,Yes,100,None,,,,,,,,,,,,,,,,,,,,
[x:-36|y:1064|z:108],Glass Desert - The Highest Fountain,Treasure Pod MKIII - Glass Desert - The Highest Fountain,Glass Desert - Second Half,Treasure Cracker MKIII,Yes,100,None,,,,,,,,,,,,,,,,,,,,
[x:996|y:y:-5|z:832],The Slimeulation - Under a Cliff Bordering The Simulated Sea,Treasure Pod MKII - The Slimeulation - Under a Cliff Bordering The Simulated Sea,The Slimeulation,Treasure Cracker MKII,No,0,None,,,,,,,,,,,,,,,,,,,,
[x:926|y:-2|z:808],The Slimeulation - Not Quite Rendered Arch,Treasure Pod MKII - The Slimeulation - Not Quite Rendered Arch,The Slimeulation,Treasure Cracker MKII,Yes,100,None,,,,,,,,,,,,,,,,,,,,
[x:865|y:23|z:1029],The Slimeulation - Non-Rendered Cliff,Treasure Pod MKIII - The Slimeulation - Non-Rendered Cliff,The Slimeulation,Treasure Cracker MKIII,Yes,50,None,,,,,,,,,,,,,,,,,,,,
[x:871|y:6|z:1078],The Slimeulation - Platforming On Blocky Clouds,Treasure Pod MKIII - The Slimeulation - Platforming On Blocky Clouds,The Slimeulation,Treasure Cracker MKIII,Yes,50,None,,,,,,,,,,,,,,,,,,,,
[x:818|y:4|z:942],The Slimeulation - Off The Rendered Path,Treasure Pod MKIII - The Slimeulation - Off The Rendered Path,The Slimeulation,Treasure Cracker MKIII,Yes,50,None,,,,,,,,,,,,,,,,,,,,
[x:667|y:5|z:999],The Slimeulation - Just Around the Corner,Treasure Pod MKII - The Slimeulation - Just Around the Corner,The Slimeulation,Treasure Cracker MKII,Yes,100,None,,,,,,,,,,,,,,,,,,,,
[x:642|y:10|z:1021],The Slimeulation - Right Across from the Exit,Secret Style - The Slimeulation - Right Across from the Exit,The Slimeulation,Secret Style,Yes,100,None,,,,,,,,,,,,,,,,,,,,
[x:668|y:19|z:1116],The Slimeulation - On Top Of The Simulated Winding Path,Treasure Pod MKIII - The Slimeulation - On Top Of The Simulated Winding Path,The Slimeulation,Treasure Cracker MKIII,Yes,100,None,,,,,,,,,,,,,,,,,,,,
[x:794|y:8|z:1032],The Slimeulation - Blocky Crevice Beside Moss Entrance,Treasure Pod MKII - The Slimeulation - Blocky Crevice Beside Moss Entrance,The Slimeulation,Treasure Cracker MKII,Yes,50,None,,,,,,,,,,,,,,,,,,,,
[x:742|y:26|z:1298],The Slimeulation - In Between Muhsrooms and Rivers,Treasure Pod MKIII - The Slimeulation - In Between Muhsrooms and Rivers,The Slimeulation,Treasure Cracker MKIII,Yes,50,None,,,,,,,,,,,,,,,,,,,,
[x:951|y:-3|z:1190],The Slimeulation - Underwater in a Ravine,Treasure Pod MKII - The Slimeulation - Underwater in a Ravine,The Slimeulation,Treasure Cracker MKII,No,0,None,,,,,,,,,,,,,,,,,,,,
[x:1046|y:-6|z:1298],The Slimeulation - Offshoot of a Hazardous Pathway,Treasure Pod MKII - The Slimeulation - Offshoot of a Hazardous Pathway,The Slimeulation,Treasure Cracker MKII,No,0,None,,,,,,,,,,,,,,,,,,,,
[x:1133|y:10|z:1092],The Slimeulation - Looking Over the Puddle Slimes,Treasure Pod MKII - The Slimeulation - Looking Over the Puddle Slimes,The Slimeulation,Treasure Cracker MKII,Yes,50,None,,,,,,,,,,,,,,,,,,,,
[x:-1013|y:3|z:952],The Wilds - Coral Ring Island Exit,Secret Style - The Wilds - Coral Ring Island Exit,The Wilds,Secret Style,No,0,None,,,,,,,,,,,,,,,,,,,,
[x:-930|y:34|z:783],The Wilds - Across From the Hunter's Sakura Tree,Treasure Pod MKI - The Wilds - Across From the Hunter's Sakura Tree,The Wilds,Treasure Cracker MKI,Yes,100,None,,,,,,,,,,,,,,,,,,,,
[x:-856|y:43|z:838],The Wilds - Inside a Pink Tree Stump,Treasure Pod MKII - The Wilds - Inside a Pink Tree Stump,The Wilds,Treasure Cracker MKII,Yes,150,None,,,,,,,,,,,,,,,,,,,,
[x:-941|y:16|z:602],The Wilds - On a Cliff Dividing Two Entrances,Treasure Pod MKI - The Wilds - On a Cliff Dividing Two Entrances,The Wilds,Treasure Cracker MKI,Yes,100,None,,,,,,,,,,,,,,,,,,,,
[x:-941|y:16|z:602],The Wilds - On a Cliff Dividing Two Entrances,Treasure Pod MKI - The Wilds - On a Cliff Dividing Two Entrances,The Wilds,Treasure Cracker MKI,Yes,50,Jetpack Boosts,,,,,,,,,,,,,,,,,,,,
[x:-941|y:16|z:602],The Wilds - On a Cliff Dividing Two Entrances,Treasure Pod MKI - The Wilds - On a Cliff Dividing Two Entrances,The Wilds,Treasure Cracker MKI,No,0,"Dangerous Skips, Obscure Locations",,,,,,,,,,,,,,,,,,,,
[x:-825|y:5|z:608],The Wilds - Hidden Bridge Behind a Triangular Staircase,Treasure Pod MKII - The Wilds - Hidden Bridge Behind a Triangular Staircase,The Wilds,Treasure Cracker MKII,No,0,None,,,,,,,,,,,,,,,,,,,,
[x:-857|y:-4|z:800],The Wilds - A Precarious Ledge By the Waterfall,Treasure Pod MKI - The Wilds - A Precarious Ledge By the Waterfall,The Wilds,Treasure Cracker MKI,No,0,None,,,,,,,,,,,,,,,,,,,,
[x:-859|y:27|z:901],The Wilds - Double Waterfall Treasure,Treasure Pod MKIII - The Wilds - Double Waterfall Treasure,The Wilds,Treasure Cracker MKIII,Yes,100,None,,,,,,,,,,,,,,,,,,,,
[x:-1010|y:3|z:821],The Wilds - An Outcropping Near the Beach,Treasure Pod MKI - The Wilds - An Outcropping Near the Beach,The Wilds,Treasure Cracker MKI,No,0,None,,,,,,,,,,,,,,,,,,,,
[x:-736|y:19|z:-812],Nimble Valley - Overlooking the Beginner Start,Secret Style - Nimble Valley - Overlooking the Beginner Start,Nimble Valley,Secret Style,Yes,100,None,,,,,,,,,,,,,,,,,,,,
[x:-743|y:29|z:-894],Nimble Valley - In a Nook on Top of The Final Stretch Arch,Treasure Pod MKI - Nimble Valley - In a Nook on Top of The Final Stretch Arch,Nimble Valley,Treasure Cracker MKI,Yes,150,None,,,,,,,,,,,,,,,,,,,,
[x:-665|y:35|z:-840],Nimble Valley - Floating Above the Second Stretch,Treasure Pod MKIII - Nimble Valley - Floating Above the Second Stretch,Nimble Valley,Treasure Cracker MKIII,Yes,200,None,,,,,,,,,,,,,,,,,,,,
[x:-160|y:20|z:-1046],Nimble Valley - Bordering the Slime Sea,Treasure Pod MKI - Nimble Valley - Bordering the Slime Sea,Nimble Valley,Treasure Cracker MKI,Yes,100,None,,,,,,,,,,,,,,,,,,,,
[x:-232|y:32|z:-1016],Nimble Valley - Inside the Magneticore Pillar,Treasure Pod MKII - Nimble Valley - Inside the Magneticore Pillar,Nimble Valley,Treasure Cracker MKII,Yes,100,None,,,,,,,,,,,,,,,,,,,,
[x:-194|y:32|z:-930],Nimble Valley - Floating Outcropping Above a Crevice,Treasure Pod MKII - Nimble Valley - Floating Outcropping Above a Crevice,Nimble Valley,Treasure Cracker MKII,Yes,150,None,,,,,,,,,,,,,,,,,,,,
[x:-280|y:14|z:-835],Nimble Valley - Hidden in some Magneticore Ore,Treasure Pod MKIII - Nimble Valley - Hidden in some Magneticore Ore,Nimble Valley,Treasure Cracker MKIII,No,0,None,,,,,,,,,,,,,,,,,,,,
[x:-260|y:10|z:23],Dry Reef - Stony Hen Hen Coop,Treasure Pod MKI - Dry Reef - Rocky Pod,Dry Reef - Main,Treasure Cracker MKI,No,0,None,,,,,,,,,,,,,,,,,,,,
[x:996|y:-5|z:832],The Slimeulation - Hidden Crevice under the Slimeulated Cliff,Treasure Pod MKIII - The Slimeulation - Hidden Crevice under the Slimeulated Cliff,The Slimeulation,Treasure Cracker MKII,No,0,None,,,,,,,,,,,,,,,,,,,,
[x:865|y:23|z:1029],The Slimeulation - Non-Rendered Cliff,Treasure Pod MKIII - The Slimeulation - Non-Rendered Cliff,The Slimeulation,Treasure Cracker MKIII,No,0,Obscure Locations,,,,,,,,,,,,,,,,,,,,
[x:230|y:1019|z:452],Glass Desert - Pillar Lost At Sea,Treasre Pod MKIII - Lonely Pillar in the Sand Sea,Glass Desert - Second Half,Treasure Cracker MKIII,Yes,150,None,,,,,,,,,,,,,,,,,,,,
[x:-145|y:1027|z:178],Glass Desert - Dead-End Forgotten to the World,Treasure Pod MKII - Up High Behind a High Wall,Glass Desert - Second Half,Treasure Cracker MKII,Yes,150,None,,,,,,,,,,,,,,,,,,,,
[x:978|y:9|z:-15],Ring Island Vault - Don't Get Too Greedy Pod 1,Treasure Pod MKIII - Ring Island - Don't Get Too Greedy Pod 1,Dry Reef - H Vault,Treasure Cracker MKIII,No,0,None,,,,,,,,,,,,,,,,,,,,
[x:963|y:4|z:-15],Ring Island Vault - Don't Get Too Greedy Pod 2,Treasure Pod MKIII - Ring Island - Don't Get Too Greedy Pod 2,Dry Reef - H Vault,Treasure Cracker MKIII,No,0,None,,,,,,,,,,,,,,,,,,,,
[x:964|y:4|z:6],Ring Island Vault - Don't Get Too Greedy Pod 3,Treasure Pod MKIII - Ring Island - Don't Get Too Greedy Pod 3,Dry Reef - H Vault,Treasure Cracker MKIII,No,0,None,,,,,,,,,,,,,,,,,,,,
[x:980|y:9|z:9],Ring Island Vault - Don't Get Too Greedy Pod 4,Treasure Pod MKIII - Ring Island - Don't Get Too Greedy Pod 4,Dry Reef - H Vault,Treasure Cracker MKIII,No,0,None,,,,,,,,,,,,,,,,,,,,
[x:932|y:-6|z:18],Ring Island Vault - The Quintessential Quintuplet #1,Treasure Pod MKIII - Ring Island - The Quintessential Quintuplet #1,Dry Reef - H Vault,Treasure Cracker MKIII,No,0,None,,,,,,,,,,,,,,,,,,,,
[x:935|y:-6|z:18],Ring Island Vault - The Quintessential Quintuplet #2,Treasure Pod MKIII - Ring Island - The Quintessential Quintuplet #2,Dry Reef - H Vault,Treasure Cracker MKIII,No,0,None,,,,,,,,,,,,,,,,,,,,
[x:939|y:-6|z:18],Ring Island Vault - The Quintessential Quintuplet #3,Treasure Pod MKIII - Ring Island - The Quintessential Quintuplet #3,Dry Reef - H Vault,Treasure Cracker MKIII,No,0,None,,,,,,,,,,,,,,,,,,,,
[x:943|y:-6|z:18],Ring Island Vault - The Quintessential Quintuplet #4,Treasure Pod MKIII - Ring Island - The Quintessential Quintuplet #4,Dry Reef - H Vault,Treasure Cracker MKIII,No,0,None,,,,,,,,,,,,,,,,,,,,
[x:946|y:-6|z:18],Ring Island Vault - The Quintessential Quintuplet #5,Treasure Pod MKIII - Ring Island - The Quintessential Quintuplet #5,Dry Reef - H Vault,Treasure Cracker MKIII,No,0,None,,,,,,,,,,,,,,,,,,,,
[x:936|y:-6|z:0],Ring Island Vault - Mushroom Column Riches #1,Treasure Pod MKIII,Dry Reef - H Vault,Treasure Cracker MKIII,No,0,None,,,,,,,,,,,,,,,,,,,,
[x:941|y:-6|z:0],Ring Island Vault - Mushroom Column Riches #2,,Dry Reef - H Vault,Treasure Cracker MKIII,No,0,None,,,,,,,,,,,,,,,,,,,,
[x:942|y:-6|z:5],Ring Island Vault - Mushroom Column Riches #3,,Dry Reef - H Vault,Treasure Cracker MKIII,No,0,None,,,,,,,,,,,,,,,,,,,,
[x:942|y:-6|z:-11],Ring Island Vault - Boring Column Riches #1,,Dry Reef - H Vault,Treasure Cracker MKIII,No,0,None,,,,,,,,,,,,,,,,,,,,
[x:935|y:-6|z:-11],Ring Island Vault - Boring Column Riches #2,,Dry Reef - H Vault,Treasure Cracker MKIII,No,0,None,,,,,,,,,,,,,,,,,,,,
[x:966|y:16|z:210],Moss Blanket Vault - The Slime Central's Left-Hand Man,,Moss Blanket - H Vault,Treasure Cracker MKIII,Yes,50,None,,,,,,,,,,,,,,,,,,,,
[x:966|y:16|z:210],Moss Blanket Vault - The Slime Central's Left-Hand Man,,Moss Blanket - H Vault,Treasure Cracker MKIII,No,0,"Largo Jumps, Precise Movement",,,,,,,,,,,,,,,,,,,,
[x:966|y:16|z:203],Moss Blanket Vault - The Slime Central's Right-Hand Man,,Moss Blanket - H Vault,Treasure Cracker MKIII,Yes,50,None,,,,,,,,,,,,,,,,,,,,
[x:966|y:16|z:203],Moss Blanket Vault - The Slime Central's Right-Hand Man,,Moss Blanket - H Vault,Treasure Cracker MKIII,No,0,"Largo Jumps, Precise Movement",,,,,,,,,,,,,,,,,,,,
[x:968|y:13|z:233],Moss Blanket Vault - What's Left of the Riches #1,,Moss Blanket - H Vault,Treasure Cracker MKIII,Yes,50,None,,,,,,,,,,,,,,,,,,,,
[x:968|y:13|z:233],Moss Blanket Vault - What's Left of the Riches #1,,Moss Blanket - H Vault,Treasure Cracker MKIII,No,0,Largo Jumps,,,,,,,,,,,,,,,,,,,,
[x:968|y:13|z:227],Moss Blanket Vault - What's Left of the Riches #2,,Moss Blanket - H Vault,Treasure Cracker MKIII,Yes,50,None,,,,,,,,,,,,,,,,,,,,
[x:968|y:13|z:227],Moss Blanket Vault - What's Left of the Riches #2,,Moss Blanket - H Vault,Treasure Cracker MKIII,No,0,Largo Jumps,,,,,,,,,,,,,,,,,,,,
[x:968|y:13|z:181],Moss Blanket Vault - What's Right of the Riches #1,,Moss Blanket - H Vault,Treasure Cracker MKIII,Yes,50,None,,,,,,,,,,,,,,,,,,,,
[x:968|y:13|z:181],Moss Blanket Vault - What's Right of the Riches #1,,Moss Blanket - H Vault,Treasure Cracker MKIII,No,0,Largo Jumps,,,,,,,,,,,,,,,,,,,,
[x:968|y:13|z:187],Moss Blanket Vault - What's Right of the Riches #2,,Moss Blanket - H Vault,Treasure Cracker MKIII,Yes,50,None,,,,,,,,,,,,,,,,,,,,
[x:968|y:13|z:187],Moss Blanket Vault - What's Right of the Riches #2,,Moss Blanket - H Vault,Treasure Cracker MKIII,No,0,Largo Jumps,,,,,,,,,,,,,,,,,,,,
[x:940|y:14|z:207],Moss Blanket Vault - A Mountain of Gold #1,,Moss Blanket - H Vault,Treasure Cracker MKIII,Yes,50,None,,,,,,,,,,,,,,,,,,,,
[x:940|y:14|z:207],Moss Blanket Vault - A Mountain of Gold #1,,Moss Blanket - H Vault,Treasure Cracker MKIII,No,0,"Largo Jumps, Precise Movement",,,,,,,,,,,,,,,,,,,,
[x:941|y:14|z:208],Moss Blanket Vault - A Mountain of Gold #2,,Moss Blanket - H Vault,Treasure Cracker MKIII,Yes,50,None,,,,,,,,,,,,,,,,,,,,
[x:941|y:14|z:208],Moss Blanket Vault - A Mountain of Gold #2,,Moss Blanket - H Vault,Treasure Cracker MKIII,No,0,"Largo Jumps, Precise Movement",,,,,,,,,,,,,,,,,,,,
[x:941|y:14|z:206],Moss Blanket Vault - A Mountain of Gold #3,,Moss Blanket - H Vault,Treasure Cracker MKIII,Yes,50,None,,,,,,,,,,,,,,,,,,,,
[x:941|y:14|z:206],Moss Blanket Vault - A Mountain of Gold #3,,Moss Blanket - H Vault,Treasure Cracker MKIII,No,0,"Largo Jumps, Precise Movement",,,,,,,,,,,,,,,,,,,,
[x:939|y:14|z:206],Moss Blanket Vault - A Mountain of Gold #4,,Moss Blanket - H Vault,Treasure Cracker MKIII,Yes,50,None,,,,,,,,,,,,,,,,,,,,
[x:939|y:14|z:206],Moss Blanket Vault - A Mountain of Gold #4,,Moss Blanket - H Vault,Treasure Cracker MKIII,No,0,"Largo Jumps, Precise Movement",,,,,,,,,,,,,,,,,,,,
[x:939|y:14|z:208],Moss Blanket Vault - A Mountain of Gold #5,,Moss Blanket - H Vault,Treasure Cracker MKIII,Yes,50,None,,,,,,,,,,,,,,,,,,,,
[x:939|y:14|z:208],Moss Blanket Vault - A Mountain of Gold #5,,Moss Blanket - H Vault,Treasure Cracker MKIII,No,0,"Largo Jumps, Precise Movement",,,,,,,,,,,,,,,,,,,,
[x:867|y:15|z:106],Ash Isle Vault - The Lone Pod Stands Alone,,Indigo Quarry - H Vault,Treasure Cracker MKIII,No,0,None,,,,,,,,,,,,,,,,,,,,
[x:942|y:0|z:124],Ash Isle Vault - Daniel #1,,Indigo Quarry - H Vault,Treasure Cracker MKIII,No,0,None,,,,,,,,,,,,,,,,,,,,
[x:941|y:-1|z:121],Ash Isle Vault - Daniel #2,,Indigo Quarry - H Vault,Treasure Cracker MKIII,No,0,None,,,,,,,,,,,,,,,,,,,,
[x:945|y:0|z:116],Ash Isle Vault - Daniel #3,,Indigo Quarry - H Vault,Treasure Cracker MKIII,No,0,None,,,,,,,,,,,,,,,,,,,,
[x:942|y:0|z:86],Ash Isle Vault - The Cooler Daniel #1,,Indigo Quarry - H Vault,Treasure Cracker MKIII,No,0,None,,,,,,,,,,,,,,,,,,,,
[x:944|y:-1|z:88],Ash Isle Vault - The Cooler Daniel #2,,Indigo Quarry - H Vault,Treasure Cracker MKIII,No,0,None,,,,,,,,,,,,,,,,,,,,
[x:944|y:-2|z:90],Ash Isle Vault - The Cooler Daniel #3,,Indigo Quarry - H Vault,Treasure Cracker MKIII,No,0,None,,,,,,,,,,,,,,,,,,,,
[x:943|y:-2|z:92],Ash Isle Vault - The Cooler Daniel #4,,Indigo Quarry - H Vault,Treasure Cracker MKIII,No,0,None,,,,,,,,,,,,,,,,,,,,
[x:945|y:0|z:95],Ash Isle Vault - The Cooler Daniel #5,,Indigo Quarry - H Vault,Treasure Cracker MKIII,No,0,None,,,,,,,,,,,,,,,,,,,,
[x:982|y:8|z:110],Ash Isle Vault - Golden Rain #1,,Indigo Quarry - H Vault,Treasure Cracker MKIII,No,0,None,,,,,,,,,,,,,,,,,,,,
[x:982|y:8|z:101],Ash Isle Vault - Golden Rain #2,,Indigo Quarry - H Vault,Treasure Cracker MKIII,No,0,None,,,,,,,,,,,,,,,,,,,,
[x:984|y:6|z:108],Ash Isle Vault - Golden Rain #3,,Indigo Quarry - H Vault,Treasure Cracker MKIII,No,0,None,,,,,,,,,,,,,,,,,,,,
[x:984|y:6|z:103],Ash Isle Vault - Golden Rain #4,,Indigo Quarry - H Vault,Treasure Cracker MKIII,No,0,None,,,,,,,,,,,,,,,,,,,,
[x:987|y:8|z:105],Ash Isle Vault - Golden Rain #5,,Indigo Quarry - H Vault,Treasure Cracker MKIII,No,0,None,,,,,,,,,,,,,,,,,,,,
[x:945|y:5|z:77],"Ash Isle Vault - Okay Listen, I'm Running Out of Good Names For These Treasure Pods, And They All Look The Same So Hopefully You Can Take This As My Apology #1",,Indigo Quarry - H Vault,Treasure Cracker MKIII,No,0,None,,,,,,,,,,,,,,,,,,,,
[x:950|y:5|z:73],"Ash Isle Vault - Okay Listen, I'm Running Out of Good Names For These Treasure Pods, And They All Look The Same So Hopefully You Can Take This As My Apology #2",,Indigo Quarry - H Vault,Treasure Cracker MKIII,No,0,None,,,,,,,,,,,,,,,,,,,,
[x:955|y:5|z:76],"Ash Isle Vault - Okay Listen, I'm Running Out of Good Names For These Treasure Pods, And They All Look The Same So Hopefully You Can Take This As My Apology #3",,Indigo Quarry - H Vault,Treasure Cracker MKIII,No,0,None,,,,,,,,,,,,,,,,,,,,
[x:950|y:5|z:136],Ash Isle Vault - The Council Member 1,,Indigo Quarry - H Vault,Treasure Cracker MKIII,No,0,None,,,,,,,,,,,,,,,,,,,,
[x:954|y:5|z:134],Ash Isle Vault - The Council Member 2,,Indigo Quarry - H Vault,Treasure Cracker MKIII,No,0,None,,,,,,,,,,,,,,,,,,,,
[x:955|y:5|z:130],Ash Isle Vault - The Council Member 3,,Indigo Quarry - H Vault,Treasure Cracker MKIII,No,0,None,,,,,,,,,,,,,,,,,,,,
[x:950|y:4|z:134],Ash Isle Vault - The Council Member 4,,Indigo Quarry - H Vault,Treasure Cracker MKIII,No,0,None,,,,,,,,,,,,,,,,,,,,
[x:993|y:-2|z:522],Ogden's Retreat - That's a Whole Lotta Kookabobas,,The Wilds,Treasure Cracker MKI,No,0,None,,,,,,,,,,,,,,,,,,,,
[x:-995|y:24|z:698],The Wilds - On a Tiny Ledge Overlooking the Underground River,The Wilds - I hate this pod so much it should be removed from the game,The Wilds,Treasure Cracker MKIII,Yes,150,None,,,,,,,,,,,,,,,,,,,,
[x:-995|y:24|z:698],The Wilds - On a Tiny Ledge Overlooking the Underground River,The Wilds - I hate this pod so much it should be removed from the game,The Wilds,Treasure Cracker MKIII,Yes,150,Jetpack Boosts,,,,,,,,,,,,,,,,,,,,