Name,Id,Bestiary Include,Need Arcana?,Dlc,Variants
Pipeestrello,BAT1,TRUE,FALSE,,"BAT1, BAT2, BAT3, FANGEL1, FANGEL2"
,BAT2,FALSE,FALSE,,
,BAT3,FALSE,FALSE,,
Bloodbath,BAT6,TRUE,FALSE,,
Skullino,SKULLINO,TRUE,FALSE,,
Skulorosso,SKULOROSSO,TRUE,FALSE,,
,BAT4,FALSE,FALSE,,
,BAT5,FALSE,FALSE,,
,BATSWARM,FALSE,FALSE,,
Scarleton,SKELANGUE,TRUE,FALSE,,
Skeleton,SKELETON,TRUE,FALSE,,"SKELETON2, SKELETON3, SKELETON4"
,SKELETON2,FALSE,FALSE,,
,SKELETON3,FALSE,FALSE,,
,SKELETON4,FALSE,FALSE,,
Zombie,ZOMBIE,TRUE,FALSE,,
Mudman,MUDMAN1,TRUE,FALSE,,MUDMAN2
,MUDMAN2,FALSE,FALSE,,
Flower Wall,FLOWER,TRUE,FALSE,,
,EX_SKELEGEM,TRUE,FALSE,,
Ghost,GHOST,TRUE,FALSE,,GHOST2
,GHOST2,FALSE,FALSE,,
,GHOSTSWARM,FALSE,FALSE,,
Werewolf,WEREWOLF,TRUE,FALSE,,
Dust Elemental,MUD,TRUE,FALSE,,
Lionhead,BUER,TRUE,FALSE,,
Milk Elemental,MILK,TRUE,FALSE,,
,MILK2,FALSE,FALSE,,
,PANTHER,FALSE,FALSE,,
Dragon Shrimp,XLDRAGON1,TRUE,FALSE,,XLDRAGON2
,XLDRAGON1_FLAG,FALSE,FALSE,,
,XLDRAGON2,FALSE,FALSE,,
,XLDRAGON2_FLAG,FALSE,FALSE,,
,XLDRAGON3_FLAG,FALSE,FALSE,,
,SHADEBLUE,FALSE,FALSE,,
Sig.ra Rossi,SHADERED,TRUE,FALSE,,
,POLTER_DEST,FALSE,FALSE,,
Poltergeist,POLTER,TRUE,FALSE,,"POLTER_DEST, POLTER_GEM, POLTER_GEM_STATIC"
Hag,BOSS_COUNT1,TRUE,FALSE,,
Nesufritto,BOSS_COUNT2,TRUE,FALSE,,
,SKULL2_SCALING,FALSE,FALSE,,
,SKULL2_EASY,FALSE,FALSE,,
,SKULL2_SWARM,FALSE,FALSE,,
,BOSS_SKULL2,FALSE,FALSE,,
Mummy,MUMMY,TRUE,FALSE,,
Sneaky Head,MEDUSA1,TRUE,FALSE,,MEDUSA2
,MEDUSA1_FAST,FALSE,FALSE,,
Harzia,HARPY,TRUE,FALSE,,
,EX_HARPY2,FALSE,FALSE,,
,HARPYV,FALSE,FALSE,,
,MEDUSA2,FALSE,FALSE,,
,MEDUSA2_AGGRO,FALSE,FALSE,,
,MEDUSA2_FAST,FALSE,FALSE,,
Musc Musc,ECTO1,TRUE,FALSE,,ECTO2
,ECTO2,FALSE,FALSE,,
Impefinger,IMP,TRUE,FALSE,,
Testa di Mano,DULL0,TRUE,FALSE,,"DULL1, DULL2"
,DULL1,FALSE,FALSE,,
,DULL2,FALSE,FALSE,,
Ghiavolo,DEVIL1,TRUE,FALSE,,
,ARMOR1,FALSE,FALSE,,
,DEVIL3,FALSE,FALSE,,
Undead Mage,XLMAGIO,TRUE,FALSE,,
Undead Witch,WITCH1,TRUE,FALSE,,
Undead Sassy Witch,WITCH2,TRUE,FALSE,,
Archon Spada,XLARMOR1,TRUE,FALSE,,
Archon Disco,XLARMOR2,TRUE,FALSE,,
Merdusa,XLMEDUSA,TRUE,FALSE,,
Giant Bat,XLBAT,TRUE,FALSE,,
Mantichana,XLMANTIS,TRUE,FALSE,,
Big Mummy,XLMUMMY,TRUE,FALSE,,
Venus,XLFLOWER,TRUE,FALSE,,
,BOSS_WEREWOLF,FALSE,FALSE,,
,BOSS_WEREWOLF2,FALSE,FALSE,,
,BOSS_XLMUMMY,FALSE,FALSE,,
,BOSS_XLBAT,FALSE,FALSE,,
,test,FALSE,FALSE,,
,BOSS_XLMANTIS,FALSE,FALSE,,
,BOSS_XLFLOWER,FALSE,FALSE,,
,BOSS_XLTRICKSTER,FALSE,FALSE,,
,BOSS_XLSTALKER,FALSE,FALSE,,
,BOSS_XLLEDA,FALSE,FALSE,,
,BOSS_NOOB,FALSE,FALSE,,
,BOSS_XLDROWNER,FALSE,FALSE,,
,BOSS_HARPY,FALSE,FALSE,,
,BOSS_PANTHER,FALSE,FALSE,,
,BOSS_XLDRAGON1,FALSE,FALSE,,
,BOSS_XLDRAGON2,FALSE,FALSE,,
,BOSS_ECTO,FALSE,FALSE,,
,BOSS_MUD,FALSE,FALSE,,
,BOSS_BUER,FALSE,FALSE,,
,BOSS_MEDUSA1,FALSE,FALSE,,
,BOSS_XLMEDUSA,FALSE,FALSE,,
,BOSS_XLARMOR1,FALSE,FALSE,,
,BOSS_XLARMOR2,FALSE,FALSE,,
,BOSS_WITCH2,FALSE,FALSE,,
Merman,FISHMAN_1,TRUE,FALSE,,"MERMA1_3, MERMA2_4"
,BULLET_1,FALSE,FALSE,,
Lizard Pawn,LIZARD1_2,TRUE,FALSE,,
Twin Snakes,PILE1,TRUE,FALSE,,
,MERMA1_3,FALSE,FALSE,,
Lizard Rook,LIZARD2_3,TRUE,FALSE,,
Twin Demons,PILE2,TRUE,FALSE,,
,BULLET_2,FALSE,FALSE,,
,MERMA2_4,FALSE,FALSE,,
Jellyfish,JELLYFISH,TRUE,FALSE,,
,JELLYFISH2,FALSE,FALSE,,
,JELLYFISH2_SWARM,FALSE,FALSE,,
Skeleton Ninja,SKELENIN1,TRUE,FALSE,,"SKELENIN2, SKELENIN_ZONE"
Lost Twin,PILE3,TRUE,FALSE,,
,BOSS_PILE3,FALSE,FALSE,,
,BULLET_3,FALSE,FALSE,,
,BULLET_W,FALSE,FALSE,,
,BULLET_Z,FALSE,FALSE,,
,SKELENIN2,FALSE,FALSE,,
Melone,GOLEM1,TRUE,FALSE,,
Minotaur,MIGNO1_5,TRUE,FALSE,,
,BOSS_MIGNO2_5,FALSE,FALSE,,
,BOSS_MIGNO2_5_L,FALSE,FALSE,,
,BOSS_MERMAN,FALSE,FALSE,,
,BOSS_ARMOR1,FALSE,FALSE,,
,MIGNO3_5,FALSE,FALSE,,
Mignotaur,MIGNO_3_5SWARM,TRUE,FALSE,,
,PATROL_MIGNO_3_5SWARM,FALSE,FALSE,,
Archon Lancia,ARMORSPEAR_6,TRUE,FALSE,,
Archon Ascia,ARMOR_6,TRUE,FALSE,,
,PATROL_ARMOR_6,FALSE,FALSE,,
,PATROL_WITCH,FALSE,FALSE,,
Skelewing,SKELEWING,TRUE,FALSE,,"SKELEWING_ZONE, SKELEWING_INO"
,SKELEWING_INO,FALSE,FALSE,,
,PATROL_SKELEWING,FALSE,FALSE,,
Tritont,XLTRITON,TRUE,FALSE,,
Manticore,XLCHIMERA,TRUE,FALSE,,
Gallotrice,XLCOCKATRICE,TRUE,FALSE,,
,XLCOCKATRICE_GOLD,FALSE,FALSE,,
Big Golem,XLGOLEM1,TRUE,FALSE,,XLGOLEM2
,XLGOLEM2,FALSE,FALSE,,
Meat Golem,XLGOLEM3,TRUE,FALSE,,XLGOLEM4
,XLGOLEM4,FALSE,FALSE,,
Sword Guardian,XLARMOR_SWORD,TRUE,FALSE,,
,PATROL_XLARMOR_SWORD,FALSE,FALSE,,
,PATROL_XLARMOR_1,FALSE,FALSE,,
,PATROL_SKELEWING_BIG,FALSE,FALSE,,
,BOSS_XLCOCKATRICE,FALSE,FALSE,,
,BOSS_XLCHIMERA,FALSE,FALSE,,
,BOSS_XLTRITON,FALSE,FALSE,,
,BOSS_XLGOLEM1,FALSE,FALSE,,
,BOSS_XLGOLEM2,FALSE,FALSE,,
,BOSS_XLGOLEM1_29,FALSE,FALSE,,
,BOSS_XLGOLEM2_29,FALSE,FALSE,,
,BOSS_XLARMOR,FALSE,FALSE,,
,BOSS_GALLO,FALSE,FALSE,,
Giant Enemy Crab,BOSS_XLCRAB,TRUE,FALSE,,
,BOSS_XLPINCER,FALSE,FALSE,,
,ADV_MOLISANI,FALSE,FALSE,,"MOLISANO_BASE, MOLISANO_SECCO, MOLISANO_GIALLO, MOLISANO_BELLO, MOLISANO_GROSSO, MOLISANO_ROSSO, MOLISANO_FAGIOLO, MOLISANO_COLONNA, MOLISANO_VECCHIO, MOLISANO_ANFORA"
,ADV_MOLISANI_MOVING,FALSE,FALSE,,
,ADV_MOLISANI_SWARM,FALSE,FALSE,,
,ADV_XLFLOWER_SMALL,FALSE,FALSE,,
,ADV_MOON_GARLIC_SMALL,FALSE,FALSE,,
,ADV_MOLISANI_MOVING2,FALSE,FALSE,,
,ADV_MOLISANI_MOVING3,FALSE,FALSE,,
Sad Molisano,MOLISANO_BASE,TRUE,FALSE,,MOLISANO_SECCO
Happy Molisano,MOLISANO_GIALLO,TRUE,FALSE,,MOLISANO_ROSSO
,MOLISANO_SECCO,FALSE,FALSE,,
Cute Molisano,MOLISANO_BELLO,TRUE,FALSE,,MOLISANO_FAGIOLO
,MOLISANO_GROSSO,FALSE,FALSE,,
,MOLISANO_ROSSO,FALSE,FALSE,,
,MOLISANO_FAGIOLO,FALSE,FALSE,,
Old Molisano,MOLISANO_COLONNA,TRUE,FALSE,,
Dead Molisano,MOLISANO_VECCHIO,TRUE,FALSE,,
,MOLISANO_ANFORA,FALSE,FALSE,,
,MOLISANO_ANFORA_GOLD,FALSE,FALSE,,
,BOSS_THICKTREE,FALSE,FALSE,,
Bambaman,EX_SNOWMAN_HAUNTED,TRUE,FALSE,,"EX_SNOWMAN_HAUNTED2, EX_SNOWMAN_HAUNTED3"
,EX_SNOWMAN_HAUNTED2,FALSE,FALSE,,
,EX_SNOWMAN_HAUNTED3,FALSE,FALSE,,
,EX_SNOWMAN,FALSE,FALSE,,
Miragello,EX_SPIRIT1,TRUE,FALSE,,"EX_FROST, EX_FOXFIRE, EX_SNOWELEM, EX_SNOWELEM2"
,EX_SNOWELEM,FALSE,FALSE,,
,EX_SNOWELEM2,FALSE,FALSE,,
,EX_FROST,FALSE,FALSE,,
Menta Elemental,EX_GOLEM_ICE,TRUE,FALSE,,EX_GOLEM_SNOW
,EX_GOLEM_SNOW,FALSE,FALSE,,
,MS_ADV_MADDONNAS1,FALSE,FALSE,,
,MS_ADV_MADDONNAS2,FALSE,FALSE,,
,MS_ADV_MADDONNAS3,FALSE,FALSE,,
Madd-Onna,EX_ILLUSION,TRUE,FALSE,,"EX_ILLUSION2, MS_ADV_MADDONNAS1, MS_ADV_MADDONNAS2, MS_ADV_MADDONNAS3"
,EX_ILLUSION2,FALSE,FALSE,,
Kizzune,EX_BOSS_KITSUNE,TRUE,FALSE,,
,EX_BOSS_KITSUNE_TAIL,FALSE,FALSE,,
,EX_FOXFIRE,FALSE,FALSE,,
,EX_CONSTABLEBOT,FALSE,FALSE,,
,EX_TDCCC,FALSE,FALSE,,
,EX_RETROBOT,TRUE,FALSE,,"EX_TDCCC, EX_CONSTABLEBOT, EX_ER2000"
,EX_BOUNTYHUNTER,TRUE,FALSE,,
,EX_ER2000,FALSE,FALSE,,
,EX_APEX,TRUE,FALSE,,
,EX_GYORUNTIN,TRUE,FALSE,,
,EX_BOSSGYORUNTIN,FALSE,FALSE,,
,EX_BOSSGYORUNTIN_SOLID,FALSE,FALSE,,
,EX_COSMICEYE,FALSE,FALSE,,
,EX_FISHMAN_1GREEN,FALSE,FALSE,,
,EX_RETROBOT_SWARM,FALSE,FALSE,,
,EX_GYORUNTIN_SWARM,FALSE,FALSE,,
,EX_YTRAINEE_SWARM,FALSE,FALSE,,
,EX_EXPLOANGEL_SWARM,FALSE,FALSE,,
,EX_TRINA_SWARM,FALSE,FALSE,,
,EX_COSMICEYE_SWARM,FALSE,FALSE,,
,EX_MUD_FASTSWARM,FALSE,FALSE,,
,EX_ECTO2_FASTSWARM,FALSE,FALSE,,
,EX_JELLYFISH2_FASTSWARM,FALSE,FALSE,,
,EX_CONSTABLEBOT_RANGED,FALSE,FALSE,,
,EX_TDCCC_RANGED,FALSE,FALSE,,
,EX_BOUNTYHUNTER_RANGED,FALSE,FALSE,,
,EX_ER2000_RANGED,FALSE,FALSE,,
,BULLET_SM1,FALSE,FALSE,,
,BULLET_SM2,FALSE,FALSE,,
,EX_RACING_BAT3,FALSE,FALSE,,
,EX_RACING_XLBAT,FALSE,FALSE,,
,EX_RACING_RETRO,FALSE,FALSE,,
,EX_RACING_FISHMAN_1,FALSE,FALSE,,
,EX_RACING_LIZARD2_3,FALSE,FALSE,,
,EX_RACING_LIZARD1_2,FALSE,FALSE,,
,EX_RACING_MERMA1_3,FALSE,FALSE,,
,EX_RACING_MERMA2_4,FALSE,FALSE,,
,EX_RACING_PILE1,FALSE,FALSE,,
,EX_RACING_PILE2,FALSE,FALSE,,
,EX_RACING_PILE3,FALSE,FALSE,,
,EX_RACING_BOSS_PILE3,FALSE,FALSE,,
,EX_RACING_BOSS_MERMAN,FALSE,FALSE,,
,EX_RACING_BUER,FALSE,FALSE,,
,EX_RACING_IMP,FALSE,FALSE,,
,EX_RACING_XLDRAGON1,FALSE,FALSE,,
,EX_RACING_BOSS_MIGNO2_5,FALSE,FALSE,,
,EX_CART_REAPER,FALSE,FALSE,,
,EX_CART_TRICKSTER,FALSE,FALSE,,
,EX_CART_STALKER,FALSE,FALSE,,
,EX_CART_DROWNER,FALSE,FALSE,,
,EX_CART_MADDENER,FALSE,FALSE,,
,EX_CART_BLINDER,FALSE,FALSE,,
,COOP_CHICKEN_SPECIAL,FALSE,FALSE,,
,COOP_CHICKEN_COUNTER,FALSE,FALSE,,"COOP_CHICKEN, COOP_CHICKEN_H, COOP_COCK_H, COOP_CHIK_H, COOP_ABRAXAS_H, COOP_ABRAXASCROWN_H, COOP_ABRAXASHALO_H, COOP_BOSS_ABRAXAS, COOP_BOSS_ABRAXASCROWN, COOP_BOSS_ABRAXASHALO, COOP_CHICKEN_SWARM, COOP_COCK_SWARM, COOP_CHIK_SWARM, COOP_EGG_SWARM, COOP_CHICKEN_SPECIAL, COOP_ROAST_CHICKEN, COOP_ROAST_CHICKEN_H, COOP_ROAST_CHICKEN_SWARM, COOP_BOSS_COCK, COOP_CHICKEN_SLOW, COOP_PATROL, COOP_CHICKEN, COOP_COCK, COOP_CHIK, COOP_EGG, COOP_SPICYCHICKEN, COOP_COCKATRICE, COOP_EGG_H"
,COOP_CHICKEN,TRUE,FALSE,,"COOP_CHICKEN_H, COOP_CHICKEN_SWARM"
,COOP_CHICKEN_H,FALSE,FALSE,,
,COOP_CHICKEN_SWARM,FALSE,FALSE,,
,COOP_COCK,TRUE,FALSE,,"COOP_COCK_H, COOP_COCK_SWARM"
,COOP_COCK_H,FALSE,FALSE,,
,COOP_COCK_SWARM,FALSE,FALSE,,
,COOP_CHIK,TRUE,FALSE,,"COOP_CHIK_H, COOP_CHIK_SWARM"
,COOP_CHIK_H,FALSE,FALSE,,
,COOP_CHIK_SWARM,FALSE,FALSE,,
,COOP_EGG,TRUE,FALSE,,"COOP_EGG_H, COOP_EGG_SWARM"
,COOP_EGG_H,FALSE,FALSE,,
,COOP_EGG_SWARM,FALSE,FALSE,,
,COOP_ROAST_CHICKEN,TRUE,FALSE,,"COOP_ROAST_CHICKEN_H, COOP_ROAST_CHICKEN_SWARM"
,COOP_ROAST_CHICKEN_H,FALSE,FALSE,,
,COOP_ROAST_CHICKEN_SWARM,FALSE,FALSE,,
,COOP_PATROL,FALSE,FALSE,,
,COOP_ABRAXAS,TRUE,FALSE,,"COOP_ABRAXAS_H, COOP_BOSS_ABRAXAS"
,COOP_ABRAXAS_H,FALSE,FALSE,,
,COOP_ABRAXASCROWN,TRUE,FALSE,,"COOP_ABRAXASCROWN_H, COOP_BOSS_ABRAXASCROWN"
,COOP_ABRAXASCROWN_H,FALSE,FALSE,,
,COOP_ABRAXASHALO,TRUE,FALSE,,"COOP_ABRAXASHALO_H, COOP_BOSS_ABRAXASHALO"
,COOP_ABRAXASHALO_H,FALSE,FALSE,,"COOP_ABRAXASHALO_H, COOP_BOSS_ABRAXASHALO"
,COOP_BOSS_ABRAXAS,FALSE,FALSE,,
,COOP_BOSS_ABRAXASCROWN,FALSE,FALSE,,
,COOP_BOSS_ABRAXASHALO,FALSE,FALSE,,
,COOP_BOSS_COCK,FALSE,FALSE,,
,EX_BATS_COUNTER,FALSE,FALSE,,"CHAL_BATS, CHAL_BATSSWARM, BAT1, BAT2, BAT3, BAT4, BAT5, BAT6, BATSWARM, XLBAT, EX_BATSPACE_ALL4, EX_BATSPACE_A, EX_BATSPACE_B, EX_BATSPACE_C, EX_BATSPACE_D, EX_SCALING_BAT1, EX_SCALING_BAT2, EX_SCALING_BAT3, EX_SCALING_BAT3_YELLOW, EX_SCALING_BAT3_GREEN, EX_SCALING_BAT3_PURPLE, EX_SCALING_XLBAT, EX_SCALING_XXLBAT"
,EX_BATSPACE_ALL4,TRUE,FALSE,,"EX_BATSPACE_A, EX_BATSPACE_B, EX_BATSPACE_C, EX_BATSPACE_D, EX_BATSPACE_SWARM, EX_BATSPACE_HP"
,EX_BATSPACE_A,FALSE,FALSE,,
,EX_BATSPACE_B,FALSE,FALSE,,
,EX_BATSPACE_C,FALSE,FALSE,,
,EX_BATSPACE_D,FALSE,FALSE,,
,EX_BATSPACE_SWARM,FALSE,FALSE,,
,EX_BATSPACE_HP,FALSE,FALSE,,
,EX_RABBIT_SWARM,TRUE,FALSE,,EX_RABBIT_SWARM_H
,EX_RABBIT_SWARM_H,FALSE,FALSE,,
,EX_DUCK_SWARM,TRUE,FALSE,,EX_DUCK_SWARM_H
,EX_DUCK_SWARM_H,FALSE,FALSE,,
,EX_BROCCOLI_SCALE,FALSE,FALSE,,
,EX_ANT,TRUE,FALSE,,"EX_ANTBRAIN_SCALE, EX_ANT_SCALE, EX_ANTBRAIN"
,EX_ANT_SCALE,FALSE,FALSE,,
,EX_ANTBRAIN,FALSE,FALSE,,
,EX_ANTBRAIN_SCALE,FALSE,FALSE,,
,EX_PICKLE,TRUE,FALSE,,EX_PICKLE_SCALE
,EX_PICKLE_SCALE,FALSE,FALSE,,
,EX_PHALIEN_XL,TRUE,FALSE,,"EX_PHALIEN_L, EX_PHALIEN"
,EX_PHALIEN_L,FALSE,FALSE,,
,EX_PHALIEN,FALSE,FALSE,,
,EX_PHALIEN_XL_BOSS,FALSE,FALSE,,
,EX_PHALIEN_L_BOSS,FALSE,FALSE,,
,EX_PHALIEN_BOSS,FALSE,FALSE,,
,EX_CUBE_HITS_STATIC,FALSE,FALSE,,
,EX_CUBE_HITS_AXE,FALSE,FALSE,,
,EX_CUBE_HITS_AGGRO,FALSE,FALSE,,
,EX_CUBE_HITS_PATH,FALSE,FALSE,,
,EX_CUBE_HITS_MEDUSA,FALSE,FALSE,,
,EX_CUBE_HITS_FACING,FALSE,FALSE,,
,EX_CUBE_HITS_STERILE,TRUE,FALSE,,"EX_CUBE_HITS_STATIC, EX_CUBE_HITS_AGGRO, EX_CUBE_HITS_MEDUSA, EX_CUBE_HITS_FACING"
Twin Skulls,PILE4,TRUE,FALSE,,
,PILE4_SCALED,FALSE,FALSE,,
Skullone,SKULLNOAURA,TRUE,FALSE,,SKULL2_SCALING
Skeleton Panther,SKELEPANTHER,TRUE,FALSE,,
,SKELENIN_ZONE,FALSE,FALSE,,
,SKELEWING_ZONE,FALSE,FALSE,,
Giant Skeleton,XLSKELETON,TRUE,FALSE,,
,SKELEGLOW,FALSE,FALSE,,
Skeletone,SKELETONE,TRUE,FALSE,,
,BOSS_XLSKELETON,FALSE,FALSE,,
Sketamari,SKETAMARI,TRUE,FALSE,,
Sun Atlantean,MASK_GOLD,TRUE,FALSE,,
Moon Atlantean,MASK_SILVER,TRUE,FALSE,,
City Atlantean,MASK_LEFT,TRUE,FALSE,,
Volcano Atlantean,MASK_RIGHT,TRUE,FALSE,,
Moongolow Atlanteans,MOON_MASK3,TRUE,FALSE,,"MOON_MASK2, MOON_MASK1, MOON_MASK4, MOON_MASK5"
Serpentvine,MOON_SNEK,TRUE,FALSE,,"MOON_SNEK, MOON_SNEK_RED, MOON_SNEK_GREEN"
,MOON_SNEK_GREEN,FALSE,FALSE,,
,MOON_SNEK_RED,FALSE,FALSE,,
Garlic,MOON_GARLIC,TRUE,FALSE,,
Nightshade,MOON_NIGHTSHADE,TRUE,FALSE,,
,MOON_BOSS_GARLIC,FALSE,FALSE,,
,MOON_BOSS_NIGHTSHADE,FALSE,FALSE,,
,MOON_GHOST,FALSE,FALSE,,
Sig.ra Blu,MOON_SHADEBLUE,TRUE,FALSE,,
,MOON_MEDUSA1,FALSE,FALSE,,
,MOON_MEDUSA2,FALSE,FALSE,,
,MOON_FISHMAN,FALSE,FALSE,,
,MOON_JELLYFISH,FALSE,FALSE,,
,MOON_XLTRITON,FALSE,FALSE,,
,MOON_TRINACRIA,FALSE,FALSE,,
Non-Giant Enemy Crab,MOON_CRABBINO,TRUE,FALSE,,
,MOON_BOSS_CRABBINO,FALSE,FALSE,,
,MOON_ANFORA,FALSE,FALSE,,
,MOON_MASK1,FALSE,FALSE,,
,MOON_MASK2,FALSE,FALSE,,
,MOON_MASK4,FALSE,FALSE,,
,MOON_MASK5,FALSE,FALSE,,
,MOON_BAT,FALSE,FALSE,,
,MOON_BAT_PROJECTILE,FALSE,FALSE,,
,MOON_SHADE,FALSE,FALSE,,
,BOSS_XLMADDENER,FALSE,FALSE,,
,MOON_TRINACRIA_X,FALSE,FALSE,,
,MOON_EYE1,FALSE,FALSE,,
Unknown,MOON_EYE2,TRUE,FALSE,,
,MOON_EYE3,FALSE,FALSE,,
,MOON_EYE1S,FALSE,FALSE,,
,MOON_EYE2S,FALSE,FALSE,,
,MOON_EYE3S,FALSE,FALSE,,
,FS_ANFORA_HP,FALSE,FALSE,,
,TRAINEE,FALSE,FALSE,,
,TRAINEE_Y,FALSE,FALSE,,
,TRAINEE_B,FALSE,FALSE,,
,TRAINEE_G,FALSE,FALSE,,
,TRAINEE_P,FALSE,FALSE,,
,TRAINEE_R,FALSE,FALSE,,
Reaper Trainee,TRAINEE_ANY,TRUE,FALSE,,
,FANGEL1,FALSE,FALSE,,
,FANGEL2,FALSE,FALSE,,
,FANGEL3,FALSE,FALSE,,
Tetrabrachia,KALI1,TRUE,FALSE,,KALI2
,ARMOR_SWORD,FALSE,FALSE,,
,KALI2,FALSE,FALSE,,
Archon Fiamma,ARMOR_FIRE,TRUE,FALSE,,
Succubus,SUCCUBUS,TRUE,FALSE,,
,KALI2_FAST,FALSE,FALSE,,
Archon Rame,XLARMOR_GREEN,TRUE,FALSE,,
,DEMON,FALSE,FALSE,,
Demon Priest,DEMON_FAST,TRUE,FALSE,,
Fallen Cherub,ANGEL1,TRUE,FALSE,,
Fallen Cherubbello,ANGEL2,TRUE,FALSE,,
Fallen Throne,ANGEL3,TRUE,FALSE,,
Archon Oro,XLARMOR_GOLD,TRUE,FALSE,,
Demon Beast,XLDEMON,TRUE,FALSE,,
,XLDEMON2,FALSE,FALSE,,
Archdemon,XLARCHDEMON,TRUE,FALSE,,
Trinacria,TRINACRIA,TRUE,FALSE,,
,BOSS_EYE2,FALSE,FALSE,,
,BOSS_FANGEL3,FALSE,FALSE,,
,BOSS_SUCCUBUS,FALSE,FALSE,,
,BOSS_XLARMOR_GREEN,FALSE,FALSE,,
,BOSS_XLARCHDEMON,FALSE,FALSE,,
Stage Killer,STAGEKILLER,TRUE,FALSE,,STAGEKILLER2
,STAGEKILLER2,FALSE,FALSE,,
,BOSS_TRINACRIA,FALSE,FALSE,,
,POLTER_GEM_STATIC,FALSE,FALSE,,
,POLTER_GEM,FALSE,FALSE,,
The Reaper,BOSS_XLDEATH,TRUE,FALSE,,BOSS_XLDEATH2
,BOSS_XLDEATH2,FALSE,FALSE,,
The Trickster,BOSS_TRICKSTER_NORMAL,TRUE,FALSE,,
The Stalker,BOSS_STALKER_NORMAL,TRUE,FALSE,,
The Drowner,BOSS_DROWNER_NORMAL,TRUE,FALSE,,BOSS_DROWNER_RASH
The Maddener,BOSS_MADDENER_NORMAL,TRUE,FALSE,,
The Blinder,BOSS_BLINDER_NORMAL,TRUE,FALSE,,"STARDUST_BLINDER_PATROL, BOSS_XLBLINDER, FS_BLINDER_PATROL"
The Ender,BOSS_ENDER,TRUE,FALSE,,BOSS_ENDER_RASH
,BULLET_SCYTHE,FALSE,FALSE,,
Mimic Season One,BOSS_GIANT_MIMIC1,TRUE,FALSE,,
Mimic Season Two,BOSS_GIANT_MIMIC2,TRUE,FALSE,,
Mimic Season Three,BOSS_GIANT_MIMIC3,TRUE,FALSE,,
,BOSS_XLCRAB_RASH,FALSE,FALSE,,
Tri-Anchors,BOSS_DRAGOGION,TRUE,FALSE,,
,BRIDGE_TRAINEE,FALSE,FALSE,,
,BRIDGE_MINION,FALSE,FALSE,,
,BRIDGE_TETRA,FALSE,FALSE,,
,BRIDGE_ARMOR,FALSE,FALSE,,
,XLSWORDIAN_V,FALSE,FALSE,,
,XLSWORDIAN_AGGRO,FALSE,FALSE,,
,BOSS_XLSWORDIAN,FALSE,FALSE,,
,BOSS_XLSWORDIAN_2,FALSE,FALSE,,
,BRIDGE_BOSS,FALSE,FALSE,,
,BOSS_DROWNER_RASH,FALSE,FALSE,,
,BOSS_ENDER_RASH,FALSE,FALSE,,
LV128 Golden Bat,XXLBAT,TRUE,FALSE,,
,EX_SCALING_BAT1,FALSE,FALSE,,
,EX_SCALING_BAT2,FALSE,FALSE,,
,EX_SCALING_BAT3,FALSE,FALSE,,
,EX_SCALING_BAT3_YELLOW,FALSE,FALSE,,
,EX_SCALING_BAT3_GREEN,FALSE,FALSE,,
,EX_SCALING_BAT3_PURPLE,FALSE,FALSE,,
,EX_SCALING_XLBAT,FALSE,FALSE,,
,EX_SCALING_XXLBAT,FALSE,FALSE,,
,EX_AXE_BAT3,FALSE,FALSE,,
,EX_DIAMOND,FALSE,FALSE,,
,EX_DIAMOND_AXE,FALSE,FALSE,,
The Directer,DIRECTER,TRUE,FALSE,,
,D_WEAK_REAPER_A,FALSE,FALSE,,
,D_WEAK_REAPER_B,FALSE,FALSE,,
,D_WEAK_REAPER_C,FALSE,FALSE,,
,D_WEAK_REAPER_D,FALSE,FALSE,,
,D_WEAK_REAPER_E,FALSE,FALSE,,
,D_WEAK_EYE,FALSE,FALSE,,
,D_SKULL,FALSE,FALSE,,
,D_EYE,FALSE,FALSE,,
,D_MASK_SUN,FALSE,FALSE,,
,D_MASK_MOON,FALSE,FALSE,,
,D_MASK_CITY,FALSE,FALSE,,
,D_MASK_VOLCANO,FALSE,FALSE,,
,D_MASK_WINDS,FALSE,FALSE,,
,D_MASK_GREED,FALSE,FALSE,,
,D_MASK_VOID,FALSE,FALSE,,
,D_CLUSTER_COINS,FALSE,FALSE,,
,D_CLUSTER_GEMS,FALSE,FALSE,,
,BULLET_EGG,FALSE,FALSE,,
,BULLET_EYE,FALSE,FALSE,,
,UNDEADHEAD,FALSE,FALSE,,
,UNDEADEYES,FALSE,FALSE,,
,BOSS_SHARD_INFERNAS,FALSE,FALSE,,
Astral Elemental,STARDUST_ELEMENTAL,TRUE,FALSE,,"STARDUST_SKULL, STARDUST_GHOUL, STARDUST_MUMMY, STARDUST_XLMUMMY, STARDUST_GOLEM"
,STARDUST_SKULL,FALSE,FALSE,,
,STARDUST_MUMMY,FALSE,FALSE,,
,STARDUST_GHOUL,FALSE,FALSE,,
,STARDUST_XLMUMMY,FALSE,FALSE,,
,STARDUST_GOLEM,FALSE,FALSE,,
,BOSS_STARDUST_XLMUMMY,FALSE,FALSE,,
Astral Chair,STARDUST_CHAIR,TRUE,FALSE,,
Astral Curtain,STARDUST_CLOAK,TRUE,FALSE,,
,STARDUST_HEAD,FALSE,FALSE,,
,STARDUST_EYES,FALSE,FALSE,,
Undead Stars,STARDUST_MUD,TRUE,FALSE,,"STARDUST_HEAD, STARDUST_EYES"
Poetrait,STARDUST_PORTRAIT_A,TRUE,FALSE,,"STARDUST_PORTRAIT_B, STARDUST_PORTRAIT_C"
,STARDUST_PORTRAIT_B,FALSE,FALSE,,
,STARDUST_PORTRAIT_C,FALSE,FALSE,,
Lord Ghost,STARDUST_JOE,TRUE,FALSE,,
Cosmic Egg,COSMIC_EGG,TRUE,FALSE,,
,STARDUST_GHOST,FALSE,FALSE,,
,STARDUST_REDUSA,FALSE,FALSE,,
,STARDUST_RELLYFISH,FALSE,FALSE,,
,STARDUST_RELLYFISH_SWARM,FALSE,FALSE,,
,STARDUST_HEMO,FALSE,FALSE,,
,STARDUST_BLINDER_PATROL,FALSE,FALSE,,
---,DEVIL_HP_1,TRUE,FALSE,,"DEVIL_HP_3, DEVIL_HP_4, DEVIL_HP_5, DEVIL_HP_8, DEVIL_HP_9, DEVIL_HP_10, DEVIL_HP_12"
,DEVIL_HP_2,FALSE,FALSE,,
,DEVIL_HP_3,FALSE,FALSE,,
,DEVIL_HP_4,FALSE,FALSE,,
,DEVIL_HP_5,FALSE,FALSE,,
,DEVIL_HP_6,FALSE,FALSE,,
---,DEVIL_HP_7,TRUE,FALSE,,EX_IMPERIALPULP
,DEVIL_HP_8,FALSE,FALSE,,
,DEVIL_HP_9,FALSE,FALSE,,
,DEVIL_HP_10,FALSE,FALSE,,
---,DEVIL_HP_11,TRUE,FALSE,,EX_HELLPUP
,DEVIL_HP_12,FALSE,FALSE,,
---,DEVIL_HP_13,TRUE,FALSE,,
---,DEVIL_HP_14,TRUE,FALSE,,EX_BOSS_OGREHEAD
---,DEVIL_HP_15,TRUE,FALSE,,EX_TRUEDEVIL
,EX_TRUEDEVIL,FALSE,FALSE,,
,EX_DEMON_RED,FALSE,FALSE,,
,EX_HELLPUP,FALSE,FALSE,,
,EX_IMPERIALPULP,FALSE,FALSE,,
,EX_BOSS_OGREHEAD,FALSE,FALSE,,
---,EX_BATGOBLIN,TRUE,FALSE,,EX_BATGOBLIN2
,EX_BATGOBLIN2,FALSE,FALSE,,
---,EX_TREASURE_VICIOUSHUNGER,TRUE,FALSE,,
Money Musc,EX_ECTOGOLD,TRUE,FALSE,,
Gold Pile,EX_GOLDPILE,TRUE,FALSE,,
,EX_BULLET_COIN,FALSE,FALSE,,
,EX_JELLYBAG_RED,TRUE,FALSE,,"EX_JELLYBAG_GREEN, EX_JELLYBAG_PURPLE"
,EX_JELLYBAG_GREEN,FALSE,FALSE,,
,EX_JELLYBAG_PURPLE,FALSE,FALSE,,
,EX_XLDRAGON_GOLD,FALSE,FALSE,,
,EX_XLDRAGON_GOLD_FLAG,FALSE,FALSE,,
,EX_XLMANTIS_GOLD,TRUE,FALSE,,
,EX_SHOOTING_ENEMIES_COUNTER,FALSE,FALSE,,"XLMAGIO, PILE1, PILE2, PILE3, EX_CONSTABLEBOT_RANGED, EX_TDCCC_RANGED, EX_BOUNTYHUNTER_RANGED, EX_ER2000_RANGED, EX_RACING_PILE1, EX_RACING_PILE2, EX_RACING_PILE3, PILE4, PILE4_SCALED, ARMOR_SWORD, EX_GOLDPILE, ADV_TRIPOD_GUN, ADV_NDROID_GUN, FB_LEDDER, BOSS_FB_BIGFUZZ, TP_BONEARK, TP_BONEPILLAR, FS_SHOOTER1, FS_SHOOTER2, BULLET_1, BULLET_2, BULLET_3, BOSS_FB_BIGFUZZ, FB_BULLET_FIREBALL, FB_BULLET_EYELASER, FB_BULLET_BOMB, FB_GIGAFLY_SWARM, FB_BULLET, BULLET_SM1, BULLET_SM2, EX_BULLET_COIN, TP_BONE_BULLET"
Knight of Spades,EX_SPADEKNIGHT1,TRUE,FALSE,,"EX_SPADEKNIGHT2, EX_BOSS_SPADEKNIGHT, EX_BOSS_SPADEKNIGHT2"
Knight of Spades,EX_SPADEKNIGHT2,FALSE,FALSE,,
Knight of Spades,EX_BOSS_SPADEKNIGHT,FALSE,FALSE,,
Knight of Spades,EX_BOSS_SPADEKNIGHT2,FALSE,FALSE,,
,EX_BARM,TRUE,FALSE,,
,EX_CASINOGHOUL,TRUE,FALSE,,
,EX_CLUBBIE,TRUE,FALSE,,
,EX_DANDYBRINE,TRUE,FALSE,,
,EX_DAIMON,TRUE,FALSE,,
,EX_GAMBERGAR,TRUE,FALSE,,
,EX_GAMBLIN,TRUE,FALSE,,EX_GAMBLIN2
,EX_GAMBLIN2,FALSE,FALSE,,
,EX_JASTOR,TRUE,FALSE,,
,EX_JASTOR_PATROL,FALSE,FALSE,,
,EX_ROULETTEMUSH,TRUE,FALSE,,
,EX_TOLL2,TRUE,FALSE,,
,EX_VALENTINE,TRUE,FALSE,,
,EX_SQUILLER_1,TRUE,FALSE,,"EX_SQUILLER_2, EX_SQUILLER_COMBO"
,EX_SQUILLER_2,FALSE,FALSE,,
,EX_SQUILLER_COMBO,FALSE,FALSE,,
,EX_GEMSTONE_HITS_STATIC,FALSE,FALSE,,
,EX_DICE,FALSE,FALSE,,
,EX_DICE_AGGRO,FALSE,FALSE,,
,EX_CARDSHARP,TRUE,FALSE,,
Charging Enemy,EX_CHARGER,FALSE,FALSE,,
,EX_TORINO,TRUE,FALSE,,"EX_CHARGER_RED_S, EX_CHARGER_YELLOW_S"
,EX_JOYATAURO,TRUE,FALSE,,"EX_CHARGER_RED_M, EX_CHARGER_YELLOW_M"
,EX_MEANATAUR,TRUE,FALSE,,"EX_CHARGER_RED_L, EX_CHARGER_YELLOW_L"
,EX_17COLOSSUS_BURIED,FALSE,FALSE,,
,EX_17COLOSSUS,TRUE,FALSE,,
Red Torino,EX_CHARGER_RED_S,FALSE,FALSE,,
Red Joya Tauro,EX_CHARGER_RED_M,FALSE,FALSE,,
Red Meanataur,EX_CHARGER_RED_L,FALSE,FALSE,,
Yellow Torino,EX_CHARGER_YELLOW_S,FALSE,FALSE,,
Yellow Joya Tauro,EX_CHARGER_YELLOW_M,FALSE,FALSE,,
Yellow Meanataur,EX_CHARGER_YELLOW_L,FALSE,FALSE,,
Tarantella,EX_MAZERELLA_DANCER,FALSE,FALSE,,
,EX_VSBAT1,FALSE,FALSE,,
Spirit,MS_SPIRIT1,TRUE,FALSE,Moonspell,"MS_SPIRIT2, MS_SPIRIT2_SWARM"
,MS_SPIRIT2,FALSE,FALSE,Moonspell,
,MS_SPIRIT1_SWARM,FALSE,FALSE,Moonspell,
,MS_SPIRIT2_SWARM,FALSE,FALSE,Moonspell,
Hitotsumekozo,MS_HITOT,TRUE,FALSE,Moonspell,
Kappa,MS_KAPPA,TRUE,FALSE,Moonspell,
Tsuchinoko,MS_TSUCHINOKO,TRUE,FALSE,Moonspell,
Mikoshinyudo,MS_MIKOS,TRUE,FALSE,Moonspell,
Kamaitachi,MS_KAMAITACHI,TRUE,FALSE,Moonspell,
Raiju,MS_RAIJU,TRUE,FALSE,Moonspell,
Yamamba,MS_YAMAMBA1,TRUE,FALSE,Moonspell,MS_YAMAMBA2
,MS_YAMAMBA2,FALSE,FALSE,Moonspell,
Tanuki,MS_TANUKI,TRUE,FALSE,Moonspell,MS_BOSS_TANUKI
Tengu,MS_TENGU,TRUE,FALSE,Moonspell,
Tsuchigumo,MS_TSUCHIGUMO,TRUE,FALSE,Moonspell,
,MS_FLOWER1,FALSE,FALSE,Moonspell,
,MS_FLOWER2,FALSE,FALSE,Moonspell,
,MS_BOSS_SPIRIT,FALSE,FALSE,Moonspell,
,MS_BOSS_SPIRIT2,FALSE,FALSE,Moonspell,
,MS_BOSS_KAMAITACHI,FALSE,FALSE,Moonspell,
,MS_BOSS_RAIJU,FALSE,FALSE,Moonspell,
,MS_BOSS_TENGU,FALSE,FALSE,Moonspell,
Oni Wind,MS_ONIWIND,TRUE,FALSE,Moonspell,
Oni Thunder,MS_ONITHUNDER,TRUE,FALSE,Moonspell,
Oni,MS_ONI1,TRUE,FALSE,Moonspell,
,MS_BOSS_TANUKI,FALSE,FALSE,Moonspell,
,MS_BOSS_ONIWIND,FALSE,FALSE,Moonspell,
,MS_BOSS_ONITHUNDER,FALSE,FALSE,Moonspell,
,MS_BOSS_TSUCHIGUMO,FALSE,FALSE,Moonspell,
,MS_NINETYNINE,FALSE,FALSE,Moonspell,
Gashadokuro,MS_GOSHADOKURO,TRUE,FALSE,Moonspell,
,MS_EVILSPIRIT,FALSE,FALSE,Moonspell,
,MS_OROCHIMARIO_INVUL,FALSE,FALSE,Moonspell,
Orochimario,MS_OROCHIMARIO,TRUE,FALSE,Moonspell,
,MS_OROCHIHEAD,FALSE,FALSE,Moonspell,
,MS_OROCHIHEAD_INVUL,FALSE,FALSE,Moonspell,
,BOSS_MEGASYUUTO,FALSE,FALSE,Moonspell,
,MS_ADV_TANUKIS1,FALSE,FALSE,Moonspell,
,MS_ADV_TANUKIS2,FALSE,FALSE,Moonspell,
,MS_ADV_TANUKIS3,FALSE,FALSE,Moonspell,
Chompo,FS_GOBLIN,TRUE,FALSE,Foscari,FS_GOBLIN_RED
,FS_GOBLIN_RED,FALSE,FALSE,Foscari,
Ceffoose,FS_GEF,TRUE,FALSE,Foscari,
,FS_SALMON_DUSA,FALSE,FALSE,Foscari,
Wiseparke,FS_SALMON,TRUE,FALSE,Foscari,
,FS_SALMON2,FALSE,FALSE,Foscari,
,FS_SALMON_PINK,FALSE,FALSE,Foscari,
Nutmeg,FS_SELKIE,TRUE,FALSE,Foscari,
,FS_BOSS_SELKIE,FALSE,FALSE,Foscari,
Vulvio,FS_WULVER,TRUE,FALSE,Foscari,
,FS_BOSS_WULVER,FALSE,FALSE,Foscari,
Lammuga,FS_LAMB,TRUE,FALSE,Foscari,
,FS_BOSS_LAMB,FALSE,FALSE,Foscari,
Hill Trow,FS_HTROW,TRUE,FALSE,Foscari,
Sea Trow,FS_STROW,TRUE,FALSE,Foscari,
Sam the Sundown Clown,FS_CLOWN,TRUE,FALSE,Foscari,
,FS_BOSS_CLOWN,FALSE,FALSE,Foscari,
,FS_CLOWN_SWARM,FALSE,FALSE,Foscari,
Sammy,FS_CAKE,TRUE,FALSE,Foscari,
Brownie,FS_BROWN,TRUE,FALSE,Foscari,
Green Knight,FS_GREEN,TRUE,FALSE,Foscari,"FS_GREEN_RED, FS_BOSS_GREEN_GREEN"
,FS_GREEN_RED,FALSE,FALSE,Foscari,
,FS_BOSS_GREEN_GREEN,FALSE,FALSE,Foscari,
,FS_BOSS_GREEN_28,FALSE,FALSE,Foscari,
,FS_BOSS_GREEN_RED_28,FALSE,FALSE,Foscari,
,FS_BOSS_GREEN_GREEN_28,FALSE,FALSE,Foscari,
,FS_MUSH_PATROL,FALSE,FALSE,Foscari,
Crocifriggitore,FS_AILLEN,TRUE,FALSE,Foscari,
Notadam,FS_DUERG,TRUE,FALSE,Foscari,
Hand of Glory,FS_GLORY,TRUE,FALSE,Foscari,
Maronna,FS_MARI,TRUE,FALSE,Foscari,
Njuggles,FS_NJUGG,TRUE,FALSE,Foscari,FS_NJUGGB
,FS_NJUGGB,FALSE,FALSE,Foscari,
,FS_BOSS_NJUGGLES,FALSE,FALSE,Foscari,
,FS_BOSS_WORM,FALSE,FALSE,Foscari,
,FS_BOSS_WORMB,FALSE,FALSE,Foscari,
Average Hag,FS_HAG,TRUE,FALSE,Foscari,
Fungoman,FS_MUSH_HP,TRUE,FALSE,Foscari,FS_MUSH_PATROL
,FS_XLMANTIS_HP,FALSE,FALSE,Foscari,
,FS_XLFLOWER_HP,FALSE,FALSE,Foscari,
,FS_COCKATRICE_BOSS1,FALSE,FALSE,Foscari,
,FS_COCKATRICE_BOSS2,FALSE,FALSE,Foscari,
,FS_COCKATRICE_BOSS3,FALSE,FALSE,Foscari,
Ghostly Apparition,FS_GGHOST,TRUE,FALSE,Foscari,FS_GGGHOST
,FS_GGGHOST,FALSE,FALSE,Foscari,
Avatar of Gaea,FS_BOSS_AGAEA,TRUE,FALSE,Foscari,
Cauld,FS_CAULD,TRUE,FALSE,Foscari,
Redusa Head,REDUSA,TRUE,FALSE,Foscari,
Rellyfish,RELLYFISH,TRUE,FALSE,Foscari,
,RELLYFISH_SWARM,FALSE,FALSE,Foscari,
Blood Moss,HEMO,TRUE,FALSE,Foscari,HEMO2
,HEMO2,FALSE,FALSE,Foscari,
,BOSS_XLBLINDER,FALSE,FALSE,Foscari,
,FS_BLINDER_PATROL,FALSE,FALSE,Foscari,
,FS_BOSS_REDUSA,FALSE,FALSE,Foscari,
,FS_BOSS_FLAMINGSKULL,FALSE,FALSE,Foscari,
,FS_BOSS_MEATY,FALSE,FALSE,Foscari,
,FS_BOSS_MEATBALL,FALSE,FALSE,Foscari,
,FS_BOSS_EDNA,FALSE,FALSE,Foscari,
,FS_BOSS_HORWORM,FALSE,FALSE,Foscari,
,FS_BOSS_HORMARI,FALSE,FALSE,Foscari,
,FS_BOSS_HORCAULD,FALSE,FALSE,Foscari,
,FS_BOSS_MEATY_29,FALSE,FALSE,Foscari,
,FS_BOSS_MEATBALL_29,FALSE,FALSE,Foscari,
Rotting Ghoul,FS_ROTGHOUL,TRUE,FALSE,Foscari,
,FS_ROTGHOUL_SWARM,FALSE,FALSE,Foscari,
Burning Skull,FS_FLAMINGSKULL,TRUE,FALSE,Foscari,
Missing Church,FS_WORM,TRUE,FALSE,Foscari,FS_WORM2
,FS_WORM2,FALSE,FALSE,Foscari,
Snek,FS_SNAK1,TRUE,FALSE,Foscari,
,FS_SNAK2,FALSE,FALSE,Foscari,
,FS_SNAK3,FALSE,FALSE,Foscari,
,FS_SNAK4,FALSE,FALSE,Foscari,
,FS_SNAK_SWARM,FALSE,FALSE,Foscari,
Lost Head,FS_SHOOTER1,TRUE,FALSE,Foscari,
,FS_SHOOTER2,FALSE,FALSE,Foscari,
Meatball,FS_MEATBALL,TRUE,FALSE,Foscari,
Frozen Meatball,FS_MEATY,TRUE,FALSE,Foscari,
Edna,FS_EDNA,TRUE,FALSE,Foscari,
Cold Cauld,FS_HORCAULD,TRUE,FALSE,Foscari,
Well Dweller,FS_HORWORM,TRUE,FALSE,Foscari,
Wet Njuggles,FS_HORNJUGG,TRUE,FALSE,Foscari,
Crocifriggitone,FS_HORAILLEN,TRUE,FALSE,Foscari,
Still Notadam,FS_HORDUERG,TRUE,FALSE,Foscari,
Glove of Glory,FS_HORGLORY,TRUE,FALSE,Foscari,
Maronna Meea,FS_HORMARI,TRUE,FALSE,Foscari,
,FS_FMBALOR,FALSE,FALSE,Foscari,
Fomorians,FS_FMCETHLENN,TRUE,FALSE,Foscari,"FS_FMCONAND, FS_FMBALOR, FS_FMINDECH, FS_FMELATHA"
,FS_FMCONAND,FALSE,FALSE,Foscari,
,FS_FMELATHA,FALSE,FALSE,Foscari,
,FS_FMINDECH,FALSE,FALSE,Foscari,
Je-Ne-Viv,FS_BOSS_JENEVIV,TRUE,FALSE,Foscari,
,FS_SNAKBOMB,FALSE,FALSE,Foscari,
,FS_SNAKSHIELD,FALSE,FALSE,Foscari,
,FS_BROWN_HP,FALSE,FALSE,Foscari,
,FS_SALMON_HP,FALSE,FALSE,Foscari,
,FS_NJUGGB_HP,FALSE,FALSE,Foscari,
,FS_STROW_HP,FALSE,FALSE,Foscari,
,FS_HTROW_HP,FALSE,FALSE,Foscari,
,FS_CRATE_HP,FALSE,FALSE,Foscari,
,FS_POT_HP,FALSE,FALSE,Foscari,
,FS_FLOWER,FALSE,FALSE,Foscari,
,FOSCARI_COUNTER,FALSE,FALSE,Foscari,"FS_GOBLIN, FS_GEF, FS_SALMON, FS_WULVER, FS_LAMB, FS_HTROW, FS_STROW, FS_CLOWN, FS_BROWN, FS_GREEN, FS_CAKE, FS_MARI, FS_AILLEN, FS_BALOR, FS_AGAEA, FS_DUERG, FS_NJUGG, FS_CAULD, FS_GLORY, FS_WORM, FS_HAG, FS_HORAILLEN, FS_HORDUERG, FS_HORNJUGG, FS_HORMARI, FS_HORCAULD, FS_HORGLORY, FS_HORWORM, FS_EDNA, FS_FSKULL, FS_UGUL, FS_HEMO, FS_MEAT, FS_USKULL, FS_NJUGGB, FS_WORMB, FS_GOBLIN_RED, FS_SALMON2, FS_SALMON_PINK, FS_GREEN_RED, FS_SELKIE, FS_BOSS_SELKIE, FS_BOSS_NJUGGLES, FS_BOSS_CLOWN, FS_BOSS_WULVER, FS_BOSS_LAMB, FS_BOSS_WORM, FS_BOSS_WORMB, FS_BOSS_GREEN_GREEN, FS_BOSS_GREEN_28, FS_BOSS_GREEN_GREEN_28, FS_BOSS_GREEN_RED_28, FS_BOSS_AGAEA, FS_BOSS_JENEVIV, FS_WORM2, FS_SNAK1, FS_SNAK2, FS_SNAK3, FS_SNAK4, FS_FMBALOR, FS_FLAMINGSKULL, FS_ROTGHOUL, FS_MEATY, FS_MEATBALL, BOSS_XLBLINDER, FS_SHOOTER1, FS_SHOOTER2, HEMO, HEMO2, REDUSA, FS_FMCETHLENN, FS_FMINDECH, FS_FMCONAND, FS_FMELATHA, FS_SALMON_DUSA, FS_CLOWN_SWARM, FS_MUSH_PATROL, FS_BROWN_HP, FS_SALMON_HP, FS_MUSH_HP, FS_NJUGGB_HP, FS_STROW_HP, FS_HTROW_HP, FS_SNAK_SWARM, FS_GGHOST, FS_GGGHOST, RELLYFISH, FS_SNAKBOMB, FS_SNAKSHIELD, FS_COCKATRICE_BOSS1, FS_COCKATRICE_BOSS2, FS_COCKATRICE_BOSS3, FS_XLMANTIS_HP, FS_XLFLOWER_HP, FS_CRATE_HP, FS_POT_HP, FS_FLOWER, FS_ROTGHOUL_SWARM, RELLYFISH_SWARM, FS_BLINDER_PATROL, FS_BOSS_REDUSA, FS_BOSS_FLAMINGSKULL, FS_BOSS_MEATY, FS_BOSS_MEATBALL, FS_BOSS_EDNA, FS_BOSS_HORWORM, FS_BOSS_HORMARI, FS_BOSS_HORCAULD, FS_BOSS_MEATY_29, FS_BOSS_MEATBALL_29, FS_ANFORA_HP"
,FS_FLAMINGSKULL_FLYING,FALSE,FALSE,Foscari,
,FS_MEATY_FLYING,FALSE,FALSE,Foscari,
,FS_MEATBALL_FLYING,FALSE,FALSE,Foscari,
,FS_HORCAULD_FLYING,FALSE,FALSE,Foscari,
,FS_HORGLORY_FLYING,FALSE,FALSE,Foscari,
,FS_HORMARI_FLYING,FALSE,FALSE,Foscari,
Fungoman,FS_MUSH_BOSS,FALSE,FALSE,Foscari,
Fungoman,FS_MUSH_BOSSMINION,FALSE,FALSE,Foscari,
,CHAL_SUS_COUNTER,FALSE,FALSE,Chalcedony,"CHAL_BINNN_SUS, CHAL_BRICK_SUS, CHAL_NUGGE_SUS, CHAL_SNOWW, CHAL_LAVAA, CHAL_GHOST_EXP, CHAL_GHOST"
,CHAL_FRIGGI,TRUE,FALSE,Chalcedony,
,CHAL_BRIA,TRUE,FALSE,Chalcedony,
,CHAL_BATS,FALSE,FALSE,Chalcedony,CHAL_BATSSWARM
,CHAL_OTTERR,TRUE,FALSE,Chalcedony,
,CHAL_BRIASWARM,FALSE,FALSE,Chalcedony,
,CHAL_BATSSWARM,FALSE,FALSE,Chalcedony,
,CHAL_SHIFT,TRUE,FALSE,Chalcedony,
,CHAL_LAVAA,TRUE,FALSE,Chalcedony,"CHAL_SNOWW, CHAL_SNOWW_SUS"
,CHAL_SNOWW,FALSE,FALSE,Chalcedony,
,CHAL_SNOWW_SUS,FALSE,FALSE,Chalcedony,
,CHAL_GHOST_EXP,FALSE,FALSE,Chalcedony,
,CHAL_GHOST,TRUE,FALSE,Chalcedony,CHAL_GHOST_EXP
,CHAL_MOLO2,TRUE,FALSE,Chalcedony,CHAL_MOLO1
,SPACE_ANTBRAIN,FALSE,FALSE,Chalcedony,
,CHAL_MEATT,TRUE,FALSE,Chalcedony,
,CHAL_GHOSTSWARM,FALSE,FALSE,Chalcedony,
,SPACE_RABBITSWARM,FALSE,FALSE,Chalcedony,"ADV_MINI_SPACE_RABBIT, ADV_SPACE_RABBIT"
,SPACE_DUCKSWARM,FALSE,FALSE,Chalcedony,"ADV_SPACE_DUCK, ADV_BIG_SPACE_DUCK"
,SPACE_DUCKSWARM_H,FALSE,FALSE,Chalcedony,
,CHAL_MARTIA,TRUE,FALSE,Chalcedony,
,SPACE_PICKLE,FALSE,FALSE,Chalcedony,
,SPACE_PICKLE_AGGRO,FALSE,FALSE,Chalcedony,
,CHAL_PICKLE_CIRCLE,FALSE,FALSE,Chalcedony,
,CHAL_BRICK_SUS,FALSE,FALSE,Chalcedony,
,CHAL_NUGGE_SUS,FALSE,FALSE,Chalcedony,
,CHAL_BINNN_SUS,TRUE,FALSE,Chalcedony,"CHAL_BRICK_SUS, CHAL_NUGGE_SUS"
,CHAL_BRICK_AGGRO,FALSE,FALSE,Chalcedony,
,CHAL_NUGGE_AGGRO,FALSE,FALSE,Chalcedony,
,CHAL_BINNN_AGGRO,FALSE,FALSE,Chalcedony,
,CHAL_MOLO1,FALSE,FALSE,Chalcedony,
,SPACE_ANT,FALSE,FALSE,Chalcedony,SPACE_ANTBRAIN
,CHAL_CREATU,TRUE,FALSE,Chalcedony,
,CHAL_ROBOTT2,FALSE,FALSE,Chalcedony,
,BOSS_CHAL_MARTIA,FALSE,FALSE,Chalcedony,
,BOSS_IMPOSTOR_PATROL,FALSE,FALSE,Chalcedony,
,CHAL_MONKEY,TRUE,FALSE,Chalcedony,
,BOSS_CHAL_CREATU,FALSE,FALSE,Chalcedony,
,CHAL_NDROID,TRUE,FALSE,Chalcedony,
,CHAL_IMPOSTOR_SMALL,FALSE,FALSE,Chalcedony,
,BOSS_CHAL_NDROID,FALSE,FALSE,Chalcedony,
,CHAL_TRIPOD,TRUE,FALSE,Chalcedony,
,BOSS_CHAL_TRIPOD,FALSE,FALSE,Chalcedony,
,CHAL_ROBOTT,TRUE,FALSE,Chalcedony,
,CHAL_ANIMEXXL,TRUE,FALSE,Chalcedony,
,CHAL_ANIMEXXL_TENTACLE_LEFT,FALSE,FALSE,Chalcedony,
,CHAL_ANIMEXXL_TENTACLE_RIGHT,FALSE,FALSE,Chalcedony,
,CHAL_ANIMEXXL_TENTACLE_LEFT2,FALSE,FALSE,Chalcedony,
,CHAL_ANIMEXXL_TENTACLE_RIGHT2,FALSE,FALSE,Chalcedony,
,ADV_BIG_IMPOSTOR,FALSE,FALSE,Chalcedony,
,ADV_BIG_SHIFT,FALSE,FALSE,Chalcedony,
,ADV_CHAL_NUGGE_SUS_GOLEM,FALSE,FALSE,Chalcedony,
,ADV_CHAL_NUGGE_SUS_GOLEM_ARM,FALSE,FALSE,Chalcedony,
,ADV_TRIPOD_GUN,FALSE,FALSE,Chalcedony,
,ADV_NDROID_GUN,FALSE,FALSE,Chalcedony,
,ADV_BIG_TRIPOD,FALSE,FALSE,Chalcedony,
,ADV_SPACE_DUCK,FALSE,FALSE,Chalcedony,
,ADV_SPACE_RABBIT,FALSE,FALSE,Chalcedony,
,ADV_BIG_SPACE_DUCK,FALSE,FALSE,Chalcedony,
,ADV_MINI_SPACE_RABBIT,FALSE,FALSE,Chalcedony,
,ADV_MINI_SPACE_ANT,FALSE,FALSE,Chalcedony,
,ADV_SPACE_ANTBRAIN_SWORDIAN,FALSE,FALSE,Chalcedony,
,ADV_IMPOSTOR,FALSE,FALSE,Chalcedony,
,FB_LEDDER,TRUE,FALSE,FirstBlood,FB_LEDDER_UNARMED
,FB_LEDDER_UNARMED,FALSE,FALSE,FirstBlood,
,FB_GREEDER,TRUE,FALSE,FirstBlood,
,FB_WARLORD,TRUE,FALSE,FirstBlood,BOSS_FB_WARLORD
,FB_MOSQUITO,FALSE,FALSE,FirstBlood,FB_MOSQUITO_FLYING
,FB_EVILSNOWMAN,TRUE,FALSE,FirstBlood,FB_EVILSNOWMAN_RACING
,FB_ALIENCENTIPEDE,TRUE,FALSE,FirstBlood,FB_ALIENCENTIPEDE_FLYING
,FB_CHICKEN,TRUE,FALSE,FirstBlood,"BOSS_FB_CHICKEN, BOSS_FB_CHICKEN_RACING"
,FB_METALALIEN,TRUE,FALSE,FirstBlood,"BOSS_FB_METALALIEN, BOSS_FB_METALALIEN_FLYING, FB_METALALIEN_FLYING"
,FB_HUMANFACEDDOG,TRUE,FALSE,FirstBlood,
,FB_GARTH,TRUE,FALSE,FirstBlood,
,FB_WALKINGBALL,TRUE,FALSE,FirstBlood,"FB_WALKINGBALL_RACING, BOSS_FB_WALKINGBALL_RACING"
,FB_HELLRIDER,TRUE,FALSE,FirstBlood,"FB_HELLRIDER_RACING, FB_HELLRIDER2_RACING, FB_HELLRIDER_SWARM"
,FB_JUNKYARDCAR,TRUE,FALSE,FirstBlood,"BOSS_FB_JUNKYARDCAR, BOSS_FB_JUNKYARDCAR_RACING, FB_JUNKYARDCAR_RACING"
,FB_FLIGHTZAKO,TRUE,FALSE,FirstBlood,"FB_FLIGHTZAKO_FLYING, BOSS_FB_FLIGHTZAKO, BOSS_FB_FLIGHTZAKO_FLYING"
,FB_M78,TRUE,FALSE,FirstBlood,"BOSS_FB_M78, BOSS_FB_M78_RACING, FB_M78_RACING"
,FB_BUGGER,TRUE,FALSE,FirstBlood,FB_BUGGER_SWARM
,FB_POISONOUSINSECTGEL,TRUE,FALSE,FirstBlood,FB_FB_POISONOUSINSECTGEL_SWARM
,FB_BUNDLE,TRUE,FALSE,FirstBlood,FB_BUNDLE_FLYING
,FB_ZAKOALIEN,TRUE,FALSE,FirstBlood,
,FB_GIGAFLY,TRUE,FALSE,FirstBlood,"FB_GIGAFLY_SWARM, FB_WINGLIZARD_FLYING"
,FB_MUTANTCRAWLER,TRUE,FALSE,FirstBlood,"BOSS_FB_MUTANTCRAWLER, FB_MUTANTCRAWLER_RACING"
,FB_KIMKOH,TRUE,FALSE,FirstBlood,BOSS_FB_KIMKOH
,BOSS_FB_WARLORD,FALSE,FALSE,FirstBlood,
,BOSS_FB_CHICKEN,FALSE,FALSE,FirstBlood,
,BOSS_FB_JUNKYARDCAR,FALSE,FALSE,FirstBlood,
,BOSS_FB_FLIGHTZAKO,FALSE,FALSE,FirstBlood,
,BOSS_FB_M78,FALSE,FALSE,FirstBlood,
,BOSS_FB_METALALIEN,FALSE,FALSE,FirstBlood,
,FB_GORDEA,TRUE,FALSE,FirstBlood,FB_GORDEA_RACING
,BOSS_FB_MUTANTCRAWLER,FALSE,FALSE,FirstBlood,
,BOSS_FB_KIMKOH,FALSE,FALSE,FirstBlood,
,BOSS_FB_TAKA,TRUE,FALSE,FirstBlood,BOSS_FB_TAKA_RACING
,BOSS_FB_BIGFUZZ,TRUE,FALSE,FirstBlood,
,FB_PATROL_WARLORD,FALSE,FALSE,FirstBlood,
,FB_PATROL_FLIGHTZAKO,FALSE,FALSE,FirstBlood,
,FB_PATROL_GIGAFLY,FALSE,FALSE,FirstBlood,
,FB_BUGGER_SWARM,FALSE,FALSE,FirstBlood,
,FB_FB_POISONOUSINSECTGEL_SWARM,FALSE,FALSE,FirstBlood,
,FB_GIGAFLY_SWARM,FALSE,FALSE,FirstBlood,
,FB_HELLRIDER_SWARM,FALSE,FALSE,FirstBlood,
,FB_BULLET_FIREBALL,FALSE,FALSE,FirstBlood,
,FB_BULLET_EYELASER,FALSE,FALSE,FirstBlood,
,FB_BULLET_BOMB,FALSE,FALSE,FirstBlood,
,FB_BULLET,FALSE,FALSE,FirstBlood,
,FB_MOSQUITO_FLYING,FALSE,FALSE,FirstBlood,
,FB_BUNDLE_FLYING,FALSE,FALSE,FirstBlood,
,FB_WINGLIZARD_FLYING,FALSE,FALSE,FirstBlood,
,FB_FLIGHTZAKO_FLYING,FALSE,FALSE,FirstBlood,
,BOSS_FB_FLIGHTZAKO_FLYING,FALSE,FALSE,FirstBlood,
,FB_METALALIEN_FLYING,FALSE,FALSE,FirstBlood,
,BOSS_FB_METALALIEN_FLYING,FALSE,FALSE,FirstBlood,
,FB_ALIENCENTIPEDE_FLYING,FALSE,FALSE,FirstBlood,
,FB_HELLRIDER_RACING,FALSE,FALSE,FirstBlood,
,FB_HELLRIDER2_RACING,FALSE,FALSE,FirstBlood,
,FB_MUTANTCRAWLER_RACING,FALSE,FALSE,FirstBlood,
,FB_WALKINGBALL_RACING,FALSE,FALSE,FirstBlood,
,BOSS_FB_WALKINGBALL_RACING,FALSE,FALSE,FirstBlood,
,FB_EVILSNOWMAN_RACING,FALSE,FALSE,FirstBlood,
,FB_JUNKYARDCAR_RACING,FALSE,FALSE,FirstBlood,
,BOSS_FB_JUNKYARDCAR_RACING,FALSE,FALSE,FirstBlood,
,FB_CHICKEN_RACING,FALSE,FALSE,FirstBlood,
,BOSS_FB_CHICKEN_RACING,FALSE,FALSE,FirstBlood,
,FB_M78_RACING,FALSE,FALSE,FirstBlood,
,BOSS_FB_M78_RACING,FALSE,FALSE,FirstBlood,
,FB_GORDEA_RACING,FALSE,FALSE,FirstBlood,
,BOSS_FB_TAKA_RACING,FALSE,FALSE,FirstBlood,
,FB_SIMONDO,TRUE,FALSE,FirstBlood,
Flea Man,TP_FLEAMAN,TRUE,FALSE,ThosePeople,
Flea Man,TP_MEGA_FLEAMAN,FALSE,FALSE,ThosePeople,
,TP_FLEAMAN_SWARM,FALSE,FALSE,ThosePeople,
Flea Rider,TP_FLEARIDER,TRUE,FALSE,ThosePeople,
Flea Armor,TP_FLEAARMOR,TRUE,FALSE,ThosePeople,
Magic Book,TP_MAGICBOOK_01,TRUE,FALSE,ThosePeople,TP_MAGICBOOK_02
,TP_MAGICBOOK_02,FALSE,FALSE,ThosePeople,
Frozen Shade,TP_FROZENSHADE,TRUE,FALSE,ThosePeople,
Frozen Shade,TP_FROZENSHADE_02,FALSE,FALSE,ThosePeople,
Gaibon,TP_GAIBON,FALSE,FALSE,ThosePeople,
Harpy,TP_HARPY,TRUE,FALSE,ThosePeople,
Harpy,TP_PATROL_HARPY,FALSE,FALSE,ThosePeople,
Hippogyph,TP_HIPPOGRYPH,TRUE,FALSE,ThosePeople,
Imp,TP_IMP,TRUE,FALSE,ThosePeople,
Imp,TP_PATROL_IMP,FALSE,FALSE,ThosePeople,
Moldy Corpse,TP_MOLDYCORPSE,TRUE,FALSE,ThosePeople,
Spittle Bone,TP_SPITTLEBONE_01,TRUE,FALSE,ThosePeople,TP_SPITTLEBONE_02
,TP_SPITTLEBONE_02,FALSE,FALSE,ThosePeople,
Ukoback,TP_UKOBACK,TRUE,FALSE,ThosePeople,
Spectre,TP_SPECTRE,TRUE,FALSE,ThosePeople,
Succubus,TP_SUCCUBUS,FALSE,FALSE,ThosePeople,
Valhalla Knight,TP_VALHALLAKNIGHT,TRUE,FALSE,ThosePeople,
Warg,TP_WARG_01,TRUE,FALSE,ThosePeople,
Warg,TP_WARG_02,FALSE,FALSE,ThosePeople,
Bitterfly,TP_BITTERFLY,TRUE,FALSE,ThosePeople,
Bloody Painting,TP_BRAUNERSPAINTING,TRUE,FALSE,ThosePeople,
Cave Troll,TP_CAVETROLL,FALSE,FALSE,ThosePeople,
Fishman,TP_FISHMAN_01,TRUE,FALSE,ThosePeople,TP_FISHMAN_02
Fishman,TP_FISHMAN_02,FALSE,FALSE,ThosePeople,
Persephone,TP_PERSEPHONE_01,TRUE,FALSE,ThosePeople,"TP_PERSEPHONE_02, TP_PERSEPHONE_03"
,TP_PERSEPHONE_02,FALSE,FALSE,ThosePeople,
,TP_PERSEPHONE_03,FALSE,FALSE,ThosePeople,
,TP_PERSEPHONEVACCUUM,FALSE,FALSE,ThosePeople,
Ghost,TP_GHOST,TRUE,FALSE,ThosePeople,
Spear Skeleton,TP_SKELETONSPEAR,FALSE,FALSE,ThosePeople,
Flying Zombie,TP_FLYINGZOMBIE_01,TRUE,FALSE,ThosePeople,TP_FLYINGZOMBIE_02
,TP_FLYINGZOMBIE_02,FALSE,FALSE,ThosePeople,
Dullahan,TP_DULLAHAN_01,TRUE,FALSE,ThosePeople,"TP_DULLAHAN_02, TP_DULLAHAN_03"
,TP_DULLAHAN_02,FALSE,FALSE,ThosePeople,
,TP_DULLAHAN_03,FALSE,FALSE,ThosePeople,
Skeleton Ape,TP_SKELETONAPE,FALSE,FALSE,ThosePeople,
Yorick,TP_YORICK_01,TRUE,FALSE,ThosePeople,TP_YORICK_02
,TP_YORICK_02,FALSE,FALSE,ThosePeople,
Amalaric Sniper,TP_AMALARICSNIPER,TRUE,FALSE,ThosePeople,
Amalaric Sniper,TP_PATROL_AMALARICSNIPER,FALSE,FALSE,ThosePeople,
Flying Skeleton,TP_FLYINGSKELETON,FALSE,FALSE,ThosePeople,
Gurkha Knife Master,TP_GURKHAKNIFEMASTER,TRUE,FALSE,ThosePeople,
Gorgon,TP_GORGON,TRUE,FALSE,ThosePeople,
Bone Golem,TP_BONEGOLEM,TRUE,FALSE,ThosePeople,
Disc Armor,TP_DISCARMOR,TRUE,FALSE,ThosePeople,
Alastor,TP_ALASTOR,TRUE,FALSE,ThosePeople,
Alastor,TP_PATROL_ALASTOR,FALSE,FALSE,ThosePeople,
Warg Rider,TP_WARGRIDER,FALSE,FALSE,ThosePeople,
Malachi,TP_MALACHI,TRUE,FALSE,ThosePeople,
Castle Werewolf,TP_WEREWOLF,TRUE,FALSE,ThosePeople,
Axe Armor,TP_AXEARMOR_01,TRUE,FALSE,ThosePeople,TP_AXEARMOR_02
,TP_AXEARMOR_02,FALSE,FALSE,ThosePeople,
,TP_AXEARMOR_FAST,FALSE,FALSE,ThosePeople,
Killer Doll,TP_KILLERDOLL,TRUE,FALSE,ThosePeople,
Mud Man,TP_MUDMAN,FALSE,FALSE,ThosePeople,
Medusa Head,TP_MEDUSAHEAD,FALSE,FALSE,ThosePeople,
Medusa Head,TP_MEDUSAHEAD2,FALSE,FALSE,ThosePeople,
Medusa Head,TP_MEDUSAHEAD_AGGRO,FALSE,FALSE,ThosePeople,
Corpseweed,TP_CORPSEWEED_WALL,TRUE,FALSE,ThosePeople,
Bone Ark,TP_BONEARK,TRUE,FALSE,ThosePeople,
Bone Pillar,TP_BONEPILLAR,TRUE,FALSE,ThosePeople,TP_BONEPILLAR_EVENT
Bone Pillar,TP_ADV_BONEPILLAR_02,FALSE,FALSE,ThosePeople,TP_BONEPILLAR_EVENT
Bone Pillar,TP_ADV_BONEPILLAR_03,FALSE,FALSE,ThosePeople,TP_BONEPILLAR_EVENT
Bone Pillar,TP_ADV_BOSS_BONEPILLAR,FALSE,FALSE,ThosePeople,TP_BONEPILLAR_EVENT
Bone Pillar,TP_BONEPILLAR_EVENT,FALSE,FALSE,ThosePeople,
,TP_BONE_BULLET,FALSE,FALSE,ThosePeople,
,TP_BOSS_LEGION,FALSE,FALSE,ThosePeople,
,TP_BOSS_LEGION_SECTION,FALSE,FALSE,ThosePeople,
,TP_BOSS_LEGION_ZOMBIE,FALSE,FALSE,ThosePeople,
,TP_BOSS_BEELZEBUB,FALSE,FALSE,ThosePeople,
,TP_BOSS_BEELZEBUB_SECTION,FALSE,FALSE,ThosePeople,
,TP_BOSS_BEELZEBUB_BEE,FALSE,FALSE,ThosePeople,
---,TP_BOSS_JIANGSHI,TRUE,FALSE,ThosePeople,
---,TP_BOSS_KEREMET,TRUE,FALSE,ThosePeople,
---,TP_BOSS_ZEPHYR,TRUE,FALSE,ThosePeople,
---,TP_BOSS_STONEROSE,FALSE,FALSE,ThosePeople,
,TP_BOSS_MALPHAS,FALSE,FALSE,ThosePeople,
,TP_ADV_BOSS_MALPHAS,FALSE,FALSE,ThosePeople,
---,TP_BOSS_OLROX,FALSE,FALSE,ThosePeople,
---,TP_BOSS_OLROX2,FALSE,FALSE,ThosePeople,
,TP_BOSS_GAIBON,TRUE,FALSE,ThosePeople,
,TP_BOSS_SLOGRA,TRUE,FALSE,ThosePeople,
---,TP_BOSS_BEHEMOTH,TRUE,FALSE,ThosePeople,
---,TP_ADV_BOSS_BEHEMOTH,FALSE,FALSE,ThosePeople,
---,TP_BOSS_TREANT,TRUE,FALSE,ThosePeople,
---,TP_BOSS_ABBADON,TRUE,FALSE,ThosePeople,
---,TP_BOSS_MENACE,TRUE,FALSE,ThosePeople,
---,TP_BOSS_ELIGOR,TRUE,FALSE,ThosePeople,
---,TP_BOSS_GALAMOTH,FALSE,FALSE,ThosePeople,
,TP_BOSS_GERGOTH,TRUE,FALSE,ThosePeople,
,TP_BOSS_GIANTMEDUSAHEAD,TRUE,FALSE,ThosePeople,
---,TP_BOSS_PUPPETMASTER,TRUE,FALSE,ThosePeople,
---,TP_BOSS_BLACKMORE,TRUE,FALSE,ThosePeople,
---,TP_BOSS_PARANOIA,TRUE,FALSE,ThosePeople,
---,TP_BOSS_BRACHYURA,FALSE,FALSE,ThosePeople,
,TP_BOSS_BRACHYURA_CLAW,FALSE,FALSE,ThosePeople,
---,TP_BOSS_GIANTBAT,FALSE,FALSE,ThosePeople,
,TP_BOSS_DEATH,TRUE,FALSE,ThosePeople,
,TP_BOSS_DEATHARM,FALSE,FALSE,ThosePeople,
,TP_BOSS_DEATH_SCYTHE,FALSE,FALSE,ThosePeople,
,TP_BOSS_DEATH_SCYTHEBIG,FALSE,FALSE,ThosePeople,
,TP_BOSS_SLORGA,FALSE,FALSE,ThosePeople,
,TP_ADV_SLOGRA,FALSE,FALSE,ThosePeople,
,TP_BOSS_DOPPLEGANGER,TRUE,FALSE,ThosePeople,
,TP_BOSS_MUMMY,FALSE,FALSE,ThosePeople,
,TP_ADV_BOSS_MUMMY,FALSE,FALSE,ThosePeople,
,TP_BOSS_CREATURE,TRUE,FALSE,ThosePeople,
,TP_ADV_BOSS_CREATURE,FALSE,FALSE,ThosePeople,
Familiar Bat,TP_BOSS_BAT,FALSE,FALSE,ThosePeople,
The Medusa,TP_BOSS_MEDUSA,FALSE,FALSE,ThosePeople,
Bugbear,TP_BOSS_BUGBEAR,TRUE,FALSE,ThosePeople,
Devil,TP_BOSS_DEVIL,TRUE,FALSE,ThosePeople,
Minotaur,TP_BOSS_MINOTAUR,TRUE,FALSE,ThosePeople,
Yorick,TP_MINIBOSS_SISYPHUSYORICK,FALSE,FALSE,ThosePeople,
,TP_BOSS_STELLA,FALSE,FALSE,ThosePeople,
,TP_BOSS_LORETTA,FALSE,FALSE,ThosePeople,
,TP_BOSS_CARMILLA,FALSE,FALSE,ThosePeople,
,TP_BOSS_WALTER,FALSE,FALSE,ThosePeople,
,TP_BOSS_JOACHIM,FALSE,FALSE,ThosePeople,
,TP_BOSS_SOLEIL,FALSE,FALSE,ThosePeople,
,TP_BOSS_SUCCUBUS,FALSE,FALSE,ThosePeople,
---,TP_ADV_BOSS_PHANTOMBAT,FALSE,FALSE,ThosePeople,
Familiar Bat,TP_ADV_MINION_SWARMBAT,FALSE,FALSE,ThosePeople,
,TP_ADV_PHANTOM_BULLET,FALSE,FALSE,ThosePeople,
---,TP_ADV_BOSS_TREANT,FALSE,FALSE,ThosePeople,
,TP_ADV_BOSS_GIANTMEDUSAHEAD,FALSE,FALSE,ThosePeople,
,TP_ADV_BOSS_GERGOTH,FALSE,FALSE,ThosePeople,
---,TP_ADV_BOSS_PARANOIA,FALSE,FALSE,ThosePeople,
,TP_ADV_MINION_PARANOIAFACADE,FALSE,FALSE,ThosePeople,
,TP_ADV_MINION_PLAYERFACADE,FALSE,FALSE,ThosePeople,
---,TP_ADV_BOSS_BRACHYURA,FALSE,FALSE,ThosePeople,
---,TP_ADV_BOSS_ELIGOR,FALSE,FALSE,ThosePeople,
---,TP_ADV_BOSS_ZEPHYR,FALSE,FALSE,ThosePeople,
,TP_ADV_MINION_SUCCUBUS,FALSE,FALSE,ThosePeople,
,TP_ADV_BOSS_SUCCUBUS,FALSE,FALSE,ThosePeople,
Persephone,TP_ADV_PERSEPHONE,FALSE,FALSE,ThosePeople,
,TP_ADV_FLEAMAN_SWARM_FIXED,FALSE,FALSE,ThosePeople,
,TP_ADV_FLEAMAN_SCALING,FALSE,FALSE,ThosePeople,
Undead Witch,TP_ADV_MEDUSA,FALSE,FALSE,ThosePeople,
Undead Witch,TP_ADV_MEDUSA_02,FALSE,FALSE,ThosePeople,
,TP_ADV_CARMILLA,FALSE,FALSE,ThosePeople,
Merdusa,TP_ADV_GAIBON_RED,FALSE,FALSE,ThosePeople,
,TP_ADV_BOSS_GAIBON_RED,FALSE,FALSE,ThosePeople,
Sig.ra Rossi,TP_ADV_GHOST_BOMB,FALSE,FALSE,ThosePeople,
Gorgon,TP_ADV_XLGORGON,FALSE,FALSE,ThosePeople,
Gorgon,TP_ADV_BOSS_XLGORGON,FALSE,FALSE,ThosePeople,
Axe Armor,TP_ADV_XLAXEARMOR,FALSE,FALSE,ThosePeople,TP_AXEARMOR_02
Axe Armor,TP_ADV_BOSS_XLAXEARMOR,FALSE,FALSE,ThosePeople,TP_AXEARMOR_02
Disc Armor,TP_ADV_XLDISCARMOR,FALSE,FALSE,ThosePeople,
Disc Armor,TP_ADV_BOSS_XLDISCARMOR,FALSE,FALSE,ThosePeople,
Bone Golem,TP_ADV_XLBONEGOLEM,FALSE,FALSE,ThosePeople,
Bone Golem,TP_ADV_BOSS_XLBONEGOLEM,FALSE,FALSE,ThosePeople,
Fishman,TP_ADV_FISHMAN_SCALING,FALSE,FALSE,ThosePeople,TP_FISHMAN_02
Minotaur,TP_ADV_MINOTAUR_SCALING,FALSE,FALSE,ThosePeople,
Alastor,TP_ADV_XLALASTOR,FALSE,FALSE,ThosePeople,
Alastor,TP_ADV_BOSS_XLALASTOR,FALSE,FALSE,ThosePeople,
Magic Book,TP_ADV_MAGICBOOK_WALL,FALSE,FALSE,ThosePeople,TP_MAGICBOOK_02
Magic Book,TP_ADV_MAGICBOOK_SWARM,FALSE,FALSE,ThosePeople,
,TP_ADV_DEVIL,FALSE,FALSE,ThosePeople,
,TP_ADV_BUGBEAR,FALSE,FALSE,ThosePeople,
Harpy,TP_ADV_HARPY,FALSE,FALSE,ThosePeople,
Killer Doll,TP_ADV_KILLERDOLL,FALSE,FALSE,ThosePeople,
Killer Doll,TP_ADV_RED_YORICK,FALSE,FALSE,ThosePeople,
Killer Doll,TP_ADV_RED_DULLAHAN,FALSE,FALSE,ThosePeople,
,TP_ADV_FLEAARMOR,FALSE,FALSE,ThosePeople,
,TP_ADV_BOSS_FLEAARMOR,FALSE,FALSE,ThosePeople,
Malachi,TP_ADV_MALACHI,FALSE,FALSE,ThosePeople,
Gurkha Knife Master,TP_ADV_XLGURKHAKNIFEMASTER,FALSE,FALSE,ThosePeople,
Flea Rider,TP_ADV_XLFLEARIDER,FALSE,FALSE,ThosePeople,
Skeleton Ape,TP_ADV_SKELETONAPE,FALSE,FALSE,ThosePeople,
Valhalla Knight,TP_ADV_VALHALLAKNIGHT,FALSE,FALSE,ThosePeople,
Valhalla Knight,TP_ADV_VALHALLAKNIGHT_FAST,FALSE,FALSE,ThosePeople,
Valhalla Knight,TP_ADV_XLVALHALLAKNIGHT_01,FALSE,FALSE,ThosePeople,
Valhalla Knight,TP_ADV_XLVALHALLAKNIGHT_02,FALSE,FALSE,ThosePeople,
,TP_ADV_FROZENSHADE_FIXED,FALSE,FALSE,ThosePeople,
,TP_ADV_HIPPOGRYPH,FALSE,FALSE,ThosePeople,
,TP_ADV_CAVETROLL,FALSE,FALSE,ThosePeople,
,TP_ADV_SUNKEN_BRACHYURA_BOSS,FALSE,FALSE,ThosePeople,
,TP_ADV_FROZENSHADE,FALSE,FALSE,ThosePeople,
,TP_ADV_DULLAHAN,FALSE,FALSE,ThosePeople,
---,TP_ADV_BOSS_JIANGSHI,FALSE,FALSE,ThosePeople,
---,TP_ADV_BOSS_STONEROSE,FALSE,FALSE,ThosePeople,
Flea Man,TP_FLEAMAN_COUNTER,FALSE,FALSE,ThosePeople,"TP_FLEARIDER, TP_FLEAARMOR, TP_FLEAMAN, TP_FLEAMAN_SWARM, TP_MEGA_FLEAMAN, TP_ADV_FLEAMAN_SWARM_FIXED, TP_ADV_FLEAMAN_SCALING, TP_ADV_FLEAARMOR, TP_ADV_BOSS_FLEAARMOR, TP_ADV_XLFLEARIDER"
,TP_SKELETON_COUNTER,FALSE,FALSE,ThosePeople,"TP_SPITTLEBONE_01, TP_VALHALLAKNIGHT, TP_SKELETONSPEAR, TP_DULLAHAN_01, TP_SKELETONAPE, TP_BONEARK, TP_YORICK_01, TP_FLYINGSKELETON, TP_BONEGOLEM, TP_MINIBOSS_SISYPHUSYORICK, TP_BONEPILLAR, TP_DULLAHAN_02, TP_DULLAHAN_03, TP_YORICK_02, TP_BONEPILLAR_EVENT, TP_SPITTLEBONE_02, TP_ADV_BONEPILLAR_02, TP_ADV_BONEPILLAR_03, TP_ADV_XLBONEGOLEM, TP_ADV_BOSS_XLBONEGOLEM, TP_ADV_BOSS_BONEPILLAR, TP_ADV_VALHALLAKNIGHT, TP_ADV_VALHALLAKNIGHT_FAST, TP_ADV_XLVALHALLAKNIGHT_01, TP_ADV_XLVALHALLAKNIGHT_02, TP_ADV_SKELETONAPE, TP_ADV_DULLAHAN"
,TP_COUNTER,FALSE,FALSE,ThosePeople,"TP_BOSS_LEGION, TP_BOSS_LEGION_SECTION, TP_BOSS_LEGION_ZOMBIE, TP_BOSS_BEELZEBUB, TP_BOSS_BEELZEBUB_SECTION, TP_BOSS_BEELZEBUB_BEE, TP_FLEARIDER, TP_FROZENSHADE, TP_GAIBON, TP_HARPY, TP_IMP, TP_BOSS_MINOTAUR, TP_MOLDYCORPSE, TP_SPITTLEBONE_01, TP_UKOBACK, TP_SPECTRE, TP_SUCCUBUS, TP_VALHALLAKNIGHT, TP_WARG_01, TP_BITTERFLY, TP_BRAUNERSPAINTING, TP_CAVETROLL, TP_BOSS_CREATURE, TP_FISHMAN_01, TP_FLEAARMOR, TP_PERSEPHONE_01, TP_PERSEPHONEVACCUUM, TP_FLEAMAN, TP_GHOST, TP_BOSS_MUMMY, TP_SKELETONSPEAR, TP_BOSS_SLORGA, TP_BOSS_DOPPLEGANGER, TP_FLYINGZOMBIE_01, TP_BOSS_MEDUSA, TP_DULLAHAN_01, TP_SKELETONAPE, TP_BONEARK, TP_YORICK_01, TP_AMALARICSNIPER, TP_FLYINGSKELETON, TP_GURKHAKNIFEMASTER, TP_GORGON, TP_BONEGOLEM, TP_DISCARMOR, TP_ALASTOR, TP_BOSS_DEVIL, TP_WARGRIDER, TP_MALACHI, TP_WEREWOLF, TP_FLEAMAN_SWARM, TP_CORPSEWEED_WALL, TP_AXEARMOR_01, TP_BONE_BULLET, TP_BOSS_DEATH, TP_BOSS_DEATHARM, TP_FLYINGZOMBIE_02, TP_MINIBOSS_SISYPHUSYORICK, TP_BOSS_JIANGSHI, TP_BOSS_KEREMET, TP_BOSS_SHAFT, TP_BOSS_ZEPHYR, TP_BOSS_STONEROSE, TP_BOSS_OLROX, TP_BOSS_GAIBON, TP_BOSS_BEHEMOTH, TP_BOSS_TREANT, TP_BOSS_ABBADON, TP_BOSS_MENACE, TP_BOSS_ELIGOR, TP_BOSS_GALAMOTH, TP_BOSS_GERGOTH, TP_BOSS_GIANTMEDUSAHEAD, TP_BOSS_PUPPETMASTER, TP_BOSS_BLACKMORE, TP_BOSS_PARANOIA, TP_BOSS_BRACHYURA, TP_BOSS_BRACHYURA_CLAW, TP_BOSS_DEATH_SCYTHE, TP_BOSS_DEATH_SCYTHEBIG, TP_BOSS_GIANTBAT, TP_KILLERDOLL, TP_MUDMAN, TP_BOSS_BUGBEAR, TP_HIPPOGRYPH, TP_BONEPILLAR, TP_MEDUSAHEAD, TP_UKOBACK_02, TP_BOSS_BAT, TP_WARG_02, TP_DULLAHAN_02, TP_FISHMAN_02, TP_MAGICBOOK_01, TP_MAGICBOOK_02, TP_DULLAHAN_03, TP_PATROL_HARPY, TP_PATROL_IMP, TP_PATROL_AMALARICSNIPER, TP_PATROL_ALASTOR, TP_YORICK_02, TP_MEGA_FLEAMAN, TP_BOSS_DEATH_SCYTHE_NORMAL, TP_PERSEPHONE_02, TP_PERSEPHONE_03, TP_AXEARMOR_02, TP_BONEPILLAR_EVENT, TP_SPITTLEBONE_02, TP_BOSS_SLOGRA, TP_BOSS_MALPHAS, TP_BOSS_STELLA, TP_BOSS_LORETTA, TP_BOSS_CARMILLA, TP_BOSS_WALTER, TP_BOSS_JOACHIM, TP_BOSS_SOLEIL, TP_BOSS_SUCCUBUS, TP_AXEARMOR_FAST, TP_FROZENSHADE_02, TP_BOSS_OLROX2, TP_ADV_BOSS_PHANTOMBAT, TP_ADV_MINION_SWARMBAT, TP_ADV_PHANTOM_BULLET, TP_ADV_BOSS_TREANT, TP_ADV_BOSS_GIANTMEDUSAHEAD, TP_ADV_BOSS_GERGOTH, TP_ADV_BOSS_PARANOIA, TP_ADV_BOSS_BRACHYURA, TP_ADV_BOSS_ELIGOR, TP_ADV_BOSS_ZEPHYR, TP_ADV_MINION_PLAYERFACADE, TP_ADV_MINION_PARANOIAFACADE, TP_ADV_BOSS_SUCCUBUS, TP_MEDUSAHEAD2, TP_MEDUSAHEAD_AGGRO, TP_ADV_PERSEPHONE, TP_ADV_FLEAMAN_SWARM_FIXED, TP_ADV_MEDUSA, TP_ADV_CARMILLA, TP_ADV_GAIBON_RED, TP_ADV_BOSS_GAIBON_RED, TP_ADV_GHOST_BOMB, TP_ADV_FLEAMAN_SCALING, TP_ADV_BONEPILLAR_02, TP_ADV_BONEPILLAR_03, TP_ADV_XLGORGON, TP_ADV_BOSS_XLGORGON, TP_ADV_XLAXEARMOR, TP_ADV_BOSS_XLAXEARMOR, TP_ADV_XLDISCARMOR, TP_ADV_BOSS_XLDISCARMOR, TP_ADV_XLBONEGOLEM, TP_ADV_BOSS_XLBONEGOLEM, TP_ADV_XLALASTOR, TP_ADV_BOSS_XLALASTOR, TP_ADV_MINOTAUR_SCALING, TP_ADV_FISHMAN_SCALING, TP_ADV_BOSS_BONEPILLAR, TP_ADV_MAGICBOOK_WALL, TP_ADV_MAGICBOOK_SWARM, TP_ADV_DEVIL, TP_ADV_BUGBEAR, TP_ADV_HARPY, TP_ADV_KILLERDOLL, TP_ADV_FLEAARMOR, TP_ADV_BOSS_FLEAARMOR, TP_ADV_MALACHI, TP_ADV_XLGURKHAKNIFEMASTER, TP_ADV_XLFLEARIDER, TP_ADV_VALHALLAKNIGHT, TP_ADV_VALHALLAKNIGHT_FAST, TP_ADV_XLVALHALLAKNIGHT_01, TP_ADV_XLVALHALLAKNIGHT_02, TP_ADV_SKELETONAPE, TP_ADV_FROZENSHADE, TP_ADV_HIPPOGRYPH, TP_ADV_SUNKEN_BRACHYURA_BOSS, TP_ADV_FROZENSHADE_FIXED, TP_ADV_DULLAHAN, TP_ADV_SLOGRA, TP_ADV_BOSS_MUMMY"
Spirit,EME_CALAMITY_B,TRUE,FALSE,Emeralds,"EME_CALAMITY_U, EME_CALAMITY_R, EME_CALAMITY_W, EME_CALAMITY_Y, EME_CALAMITY_SWARM"
,EME_CALAMITY_U,FALSE,FALSE,Emeralds,
,EME_CALAMITY_R,FALSE,FALSE,Emeralds,
,EME_CALAMITY_W,FALSE,FALSE,Emeralds,
,EME_CALAMITY_Y,FALSE,FALSE,Emeralds,
Spirit Beast,EME_GATEBOSS_SPIRITBEAST,TRUE,FALSE,Emeralds,
,EME_BOAR,TRUE,FALSE,Emeralds,EME_BOSS_BOAR
,EME_GATEBOSS_DRAGON,TRUE,FALSE,Emeralds,
,EME_GOBLIN,TRUE,FALSE,Emeralds,EME_BOSS_GOBLIN
,EME_BALL,TRUE,FALSE,Emeralds,EME_BALL2
,EME_BALL2,FALSE,FALSE,Emeralds,
,EME_BIRD,TRUE,FALSE,Emeralds,"EME_BIRD2, EME_BIRD3"
,EME_BIRD2,FALSE,FALSE,Emeralds,
,EME_BIRD3,FALSE,FALSE,Emeralds,
,EME_OGRE,TRUE,FALSE,Emeralds,"EME_BOSS_OGRE, EME_SUSPICIOUS_OGRE"
,EME_BAT,TRUE,FALSE,Emeralds,"EME_BOSS_BAT, EME_PATROL_BAT"
,EME_DOG,TRUE,FALSE,Emeralds,"EME_DOG3, EME_BOSS_DOG"
,EME_DOG3,FALSE,FALSE,Emeralds,
,EME_FROG,TRUE,FALSE,Emeralds,"EME_FROG3, EME_BOSS_FROG"
,EME_FROG3,FALSE,FALSE,Emeralds,
,EME_KELPIE,TRUE,FALSE,Emeralds,EME_BOSS_KELPIE
,EME_RASCAL,TRUE,FALSE,Emeralds,EME_RASCAL_SWARM
,EME_SLIME,TRUE,FALSE,Emeralds,EME_BOSS_SLIME
,EME_ALRAUNE,TRUE,FALSE,Emeralds,
,EME_ANT,TRUE,FALSE,Emeralds,EME_BOSS_ANT
,EME_MOCH,TRUE,FALSE,Emeralds,EME_BOSS_MOCH
,EME_SKELETON,TRUE,FALSE,Emeralds,EME_BOSS_SKELETON
,EME_WEREWOLF,TRUE,FALSE,Emeralds,EME_BOSS_WEREWOLF
,EME_GATEBOSS_SPECTER,TRUE,FALSE,Emeralds,
,EME_GATEBOSS_IRONMAIDEN,TRUE,FALSE,Emeralds,
,EME_GATEBOSS_FINALEMPEROR,TRUE,FALSE,Emeralds,
,EME_GATEBOSS_LIVINGANGUISH,TRUE,FALSE,Emeralds,
,EME_BOSS_FROG,FALSE,FALSE,Emeralds,
,EME_BOSS_GOBLIN,FALSE,FALSE,Emeralds,
,EME_BOSS_BOAR,FALSE,FALSE,Emeralds,
,EME_BOSS_BAT,FALSE,FALSE,Emeralds,
,EME_BOSS_SKELETON,FALSE,FALSE,Emeralds,
,EME_BOSS_WEREWOLF,FALSE,FALSE,Emeralds,
,EME_BOSS_DOG,FALSE,FALSE,Emeralds,
,EME_BOSS_KELPIE,FALSE,FALSE,Emeralds,
,EME_BOSS_SLIME,FALSE,FALSE,Emeralds,
,EME_BOSS_MOCH,FALSE,FALSE,Emeralds,
,EME_BOSS_OGRE,FALSE,FALSE,Emeralds,
,EME_BOSS_ANT,FALSE,FALSE,Emeralds,
,EME_ALRAUNE_BOMB,FALSE,FALSE,Emeralds,
,EME_RASCAL_SWARM,FALSE,FALSE,Emeralds,
,EME_CALAMITY_SWARM,FALSE,FALSE,Emeralds,
,EME_SPECTERHEAD_PINK,FALSE,FALSE,Emeralds,
,EME_SPECTERHEAD_BLUE,FALSE,FALSE,Emeralds,
,EME_PATROL_BAT,FALSE,FALSE,Emeralds,
,EME_PATROL_CALAMITY,FALSE,FALSE,Emeralds,
,EME_SUSPICIOUS_OGRE,FALSE,FALSE,Emeralds,
,EME_BOSS_CURSEDMONARCH,FALSE,FALSE,Emeralds,
,LEM_JIMBAT2,TRUE,FALSE,Lemon,"LEM_JIMBAT3, LEM_JIMBAT4, LEM_XLJIMBAT"
,LEM_JIMBAT3,FALSE,FALSE,Lemon,
,LEM_JIMBAT4,FALSE,FALSE,Lemon,
,LEM_JIMBAT5,FALSE,FALSE,Lemon,
,LEM_XLJIMBAT,FALSE,FALSE,Lemon,
,LEM_JIMBO_SWARM,FALSE,FALSE,Lemon,
,LEM_ZOMBALATRO,TRUE,FALSE,Lemon,
,LEM_MRBONES,TRUE,FALSE,Lemon,
,LEM_SPECTRAL,TRUE,FALSE,Lemon,
,LEM_SPECTRAL_SWARM,FALSE,FALSE,Lemon,
,LEM_MANTIS,TRUE,FALSE,Lemon,
,LEM_SUNFLOWERS,TRUE,FALSE,Lemon,
,LEM_VENUS,TRUE,FALSE,Lemon,
,LEM_BOSS_VENUS,FALSE,FALSE,Lemon,
,LEM_WEREWOLF,TRUE,FALSE,Lemon,
,LEM_BOSS_SMALLBLIND,TRUE,FALSE,Lemon,
,LEM_BOSS_BIGBLIND,TRUE,FALSE,Lemon,
,LEM_BOSS_OX,TRUE,FALSE,Lemon,
,LEM_BOSS_WALL,TRUE,FALSE,Lemon,
,LEM_BOSS_MANACLE,TRUE,FALSE,Lemon,
,LEM_BOSS_CRIMSONHEART,TRUE,FALSE,Lemon,
,LEM_PATROL_MINIMANTIS,FALSE,FALSE,Lemon,
,,,FALSE,,
,,,FALSE,,