Enemy Id,Map Id,Minute
BAT3,FOREST,0
ZOMBIE,FOREST,1
BAT1,FOREST,1
BAT1,FOREST,2
BAT2,FOREST,2
BAT3,FOREST,2
SKELETON,FOREST,3
SKELETON,FOREST,4
GHOST,FOREST,4
MUDMAN2,FOREST,5
ZOMBIE,FOREST,6
MUDMAN2,FOREST,6
BAT2,FOREST,7
BAT3,FOREST,7
MUDMAN1,FOREST,7
ZOMBIE,FOREST,8
XLBAT,FOREST,9
ZOMBIE,FOREST,9
MUDMAN1,FOREST,10
MUDMAN2,FOREST,10
SKELETON,FOREST,11
WEREWOLF,FOREST,12
GHOST,FOREST,12
SKELETON,FOREST,12
WEREWOLF,FOREST,13
GHOST,FOREST,13
GHOST,FOREST,13
XLBAT,FOREST,14
WEREWOLF,FOREST,14
WEREWOLF,FOREST,15
XLBAT,FOREST,15
MUDMAN2,FOREST,15
XLMANTIS,FOREST,16
MUDMAN1,FOREST,16
MUDMAN2,FOREST,16
XLMUMMY,FOREST,17
XLMUMMY,FOREST,18
MUDMAN1,FOREST,18
XLMUMMY,FOREST,19
MUDMAN1,FOREST,19
XLMUMMY,FOREST,20
MUDMAN2,FOREST,20
XLBAT,FOREST,20
FLOWER,FOREST,21
FLOWER,FOREST,22
XLMUMMY,FOREST,22
FLOWER,FOREST,23
XLMUMMY,FOREST,23
FLOWER,FOREST,24
XLMUMMY,FOREST,24
XLFLOWER,FOREST,25
XLFLOWER,FOREST,26
FLOWER,FOREST,26
XLMUMMY,FOREST,27
MUDMAN1,FOREST,27
MUDMAN2,FOREST,27
XLBAT,FOREST,28
BAT4,FOREST,28
BAT4,FOREST,29
BAT5,FOREST,29
MOON_BAT,STAGEX,0
MOON_BAT,STAGEX,30
MUD,LIBRARY,0
MUD,LIBRARY,1
MUD,LIBRARY,2
ECTO1,LIBRARY,2
MUMMY,LIBRARY,3
MUD,LIBRARY,4
MUMMY,LIBRARY,4
MUMMY,LIBRARY,5
DULL1,LIBRARY,6
ECTO1,LIBRARY,6
DULL1,LIBRARY,7
ECTO1,LIBRARY,7
ECTO2,LIBRARY,7
ECTO2,LIBRARY,8
GHOST,LIBRARY,8
MUMMY,LIBRARY,9
GHOST,LIBRARY,9
ECTO2,LIBRARY,10
MEDUSA2,LIBRARY,11
BUER,LIBRARY,11
MEDUSA2,LIBRARY,12
DULL1,LIBRARY,12
MUMMY,LIBRARY,13
DULL1,LIBRARY,13
MUMMY,LIBRARY,14
MEDUSA2,LIBRARY,14
ECTO2,LIBRARY,14
MEDUSA2_AGGRO,LIBRARY,15
WITCH1,LIBRARY,16
DULL1,LIBRARY,16
DULL2,LIBRARY,16
WITCH1,LIBRARY,17
ECTO2,LIBRARY,17
ECTO1,LIBRARY,17
WITCH1,LIBRARY,18
BUER,LIBRARY,18
WITCH1,LIBRARY,19
DULL2,LIBRARY,19
BUER,LIBRARY,20
DULL2,LIBRARY,20
BUER,LIBRARY,21
WITCH2,LIBRARY,22
BUER,LIBRARY,22
DULL1,LIBRARY,23
DULL2,LIBRARY,23
WITCH2,LIBRARY,23
WITCH2,LIBRARY,24
SKULL2_SCALING,LIBRARY,25
WITCH2,LIBRARY,25
XLBAT,LIBRARY,25
XLMEDUSA,LIBRARY,26
MEDUSA2,LIBRARY,27
XLMEDUSA,LIBRARY,27
WITCH1,LIBRARY,28
BOSS_MEDUSA1,LIBRARY,28
BOSS_MUD,LIBRARY,29
BOSS_ECTO,LIBRARY,29
BOSS_BUER,LIBRARY,29
BOSS_MEDUSA1,LIBRARY,29
FISHMAN_1,WAREHOUSE,0
FISHMAN_1,WAREHOUSE,1
FISHMAN_1,WAREHOUSE,2
LIZARD1_2,WAREHOUSE,2
LIZARD1_2,WAREHOUSE,3
MILK,WAREHOUSE,3
FISHMAN_1,WAREHOUSE,3
LIZARD1_2,WAREHOUSE,4
FISHMAN_1,WAREHOUSE,4
MILK,WAREHOUSE,4
LIZARD2_3,WAREHOUSE,5
MILK2,WAREHOUSE,5
FISHMAN_1,WAREHOUSE,6
LIZARD2_3,WAREHOUSE,6
MERMA1_3,WAREHOUSE,7
LIZARD1_2,WAREHOUSE,7
FISHMAN_1,WAREHOUSE,7
SKELENIN1,WAREHOUSE,8
SKELETON,WAREHOUSE,8
SKELETON2,WAREHOUSE,8
SKELETON3,WAREHOUSE,8
MIGNO1_5,WAREHOUSE,9
MILK2,WAREHOUSE,9
MIGNO1_5,WAREHOUSE,10
PILE2,WAREHOUSE,10
MILK2,WAREHOUSE,10
SKELENIN1,WAREHOUSE,11
SKELETON,WAREHOUSE,11
SKELETON2,WAREHOUSE,11
SKELENIN2,WAREHOUSE,12
PILE1,WAREHOUSE,12
PILE2,WAREHOUSE,12
MERMA2_4,WAREHOUSE,13
LIZARD2_3,WAREHOUSE,13
LIZARD1_2,WAREHOUSE,13
MERMA2_4,WAREHOUSE,14
GOLEM1,WAREHOUSE,14
ARMOR_6,WAREHOUSE,15
GOLEM1,WAREHOUSE,15
PILE3,WAREHOUSE,15
GOLEM1,WAREHOUSE,16
ARMORSPEAR_6,WAREHOUSE,16
ARMORSPEAR_6,WAREHOUSE,17
MIGNO3_5,WAREHOUSE,17
ARMOR_6,WAREHOUSE,18
MIGNO3_5,WAREHOUSE,18
ARMORSPEAR_6,WAREHOUSE,19
XLTRITON,WAREHOUSE,19
XLGOLEM1,WAREHOUSE,20
XLTRITON,WAREHOUSE,20
JELLYFISH2,WAREHOUSE,20
SKELENIN1,WAREHOUSE,21
SKELENIN2,WAREHOUSE,21
SKELEWING,WAREHOUSE,21
PILE3,WAREHOUSE,21
GOLEM1,WAREHOUSE,22
MIGNO1_5,WAREHOUSE,23
MIGNO3_5,WAREHOUSE,23
ARMOR_6,WAREHOUSE,24
ARMORSPEAR_6,WAREHOUSE,24
GOLEM1,WAREHOUSE,24
XLARMOR_SWORD,WAREHOUSE,25
XLCOCKATRICE,WAREHOUSE,26
MIGNO3_5,WAREHOUSE,26
XLCOCKATRICE,WAREHOUSE,27
XLARMOR_SWORD,WAREHOUSE,27
BOSS_MERMAN,WAREHOUSE,28
BOSS_MIGNO2_5_L,WAREHOUSE,28
BOSS_XLGOLEM1_29,WAREHOUSE,29
BOSS_XLGOLEM2_29,WAREHOUSE,29
SKULLINO,TOWER,0
SKULLINO,TOWER,1
SKULOROSSO,TOWER,1
SKULLINO,TOWER,2
BAT3,TOWER,2
SKELANGUE,TOWER,3
SKULLINO,TOWER,4
SKELETON,TOWER,4
SKULL2_EASY,TOWER,5
SKELANGUE,TOWER,5
DULL0,TOWER,6
SKULOROSSO,TOWER,6
DEVIL1,TOWER,7
BAT6,TOWER,7
BAT3,TOWER,7
SKULOROSSO,TOWER,8
GHOST2,TOWER,8
DULL0,TOWER,9
GHOST2,TOWER,9
IMP,TOWER,10
HARPYV,TOWER,11
XLDRAGON1,TOWER,11
HARPYV,TOWER,12
DEVIL1,TOWER,12
HARPY,TOWER,13
DEVIL1,TOWER,13
DULL0,TOWER,14
HARPYV,TOWER,14
GHOST2,TOWER,14
HARPY,TOWER,15
XLMAGIO,TOWER,16
XLMAGIO,TOWER,17
XLDRAGON2,TOWER,17
SKELEWING_INO,TOWER,18
XLDRAGON2,TOWER,18
SKELANGUE,TOWER,19
XLDRAGON1,TOWER,20
DULL0,TOWER,20
XLARMOR1,TOWER,21
XLARMOR2,TOWER,22
XLARMOR1,TOWER,22
XLCOCKATRICE,TOWER,23
HARPY,TOWER,23
XLCHIMERA,TOWER,24
SKULOROSSO,TOWER,25
XLGOLEM3,TOWER,26
XLGOLEM4,TOWER,27
XLCHIMERA,TOWER,27
XLGOLEM3,TOWER,28
XLGOLEM4,TOWER,28
BOSS_XLDRAGON1,TOWER,29
BOSS_XLDRAGON2,TOWER,29
FANGEL1,CHAPEL,0
FANGEL1,CHAPEL,1
FANGEL1,CHAPEL,2
FANGEL2,CHAPEL,2
TRAINEE_Y,CHAPEL,3
FANGEL1,CHAPEL,3
FANGEL2,CHAPEL,3
TRAINEE_Y,CHAPEL,4
FANGEL1,CHAPEL,4
FANGEL2,CHAPEL,4
TRAINEE_Y,CHAPEL,5
FANGEL3,CHAPEL,5
TRAINEE_B,CHAPEL,6
FANGEL3,CHAPEL,6
KALI1,CHAPEL,7
FANGEL2,CHAPEL,7
TRAINEE_B,CHAPEL,7
KALI2,CHAPEL,8
TRAINEE_B,CHAPEL,8
TRAINEE_Y,CHAPEL,8
TRAINEE,CHAPEL,8
SUCCUBUS,CHAPEL,9
TRAINEE_B,CHAPEL,9
SUCCUBUS,CHAPEL,10
TRAINEE_B,CHAPEL,10
KALI2,CHAPEL,10
ARMOR_SWORD,CHAPEL,11
TRAINEE_G,CHAPEL,11
ARMOR_FIRE,CHAPEL,12
ARMOR_SWORD,CHAPEL,12
ARMOR_FIRE,CHAPEL,13
TRAINEE_G,CHAPEL,14
XLARMOR_GREEN,CHAPEL,14
XLARMOR_GOLD,CHAPEL,15
XLARMOR_GREEN,CHAPEL,15
DEMON,CHAPEL,16
XLDEMON,CHAPEL,16
XLDEMON,CHAPEL,17
DEMON_FAST,CHAPEL,17
XLDEMON,CHAPEL,18
DEMON_FAST,CHAPEL,18
TRAINEE_P,CHAPEL,18
XLDEMON,CHAPEL,19
XLDEMON2,CHAPEL,19
XLARCHDEMON,CHAPEL,20
XLDEMON2,CHAPEL,20
TRAINEE_P,CHAPEL,20
STAGEKILLER,CHAPEL,21
ANGEL1,CHAPEL,22
ANGEL2,CHAPEL,23
ANGEL3,CHAPEL,24
ANGEL1,CHAPEL,25
ANGEL2,CHAPEL,25
ANGEL3,CHAPEL,25
STAGEKILLER2,CHAPEL,26
TRINACRIA,CHAPEL,27
BOSS_FANGEL3,CHAPEL,28
BOSS_SUCCUBUS,CHAPEL,28
BOSS_XLARMOR_GREEN,CHAPEL,28
BOSS_XLARCHDEMON,CHAPEL,28
TRAINEE_ANY,CHAPEL,29
TRAINEE_R,CHAPEL,30
MOLISANO_BASE,MOLISE,0
MOLISANO_BASE,MOLISE,1
MOLISANO_SECCO,MOLISE,1
MOLISANO_SECCO,MOLISE,2
MOLISANO_SECCO,MOLISE,3
MOLISANO_BELLO,MOLISE,3
MOLISANO_BASE,MOLISE,3
MOLISANO_BELLO,MOLISE,4
MOLISANO_GROSSO,MOLISE,4
MOLISANO_BASE,MOLISE,4
MOLISANO_GROSSO,MOLISE,5
MOLISANO_GIALLO,MOLISE,5
MOLISANO_GROSSO,MOLISE,6
MOLISANO_GIALLO,MOLISE,6
MOLISANO_BELLO,MOLISE,6
MOLISANO_ROSSO,MOLISE,7
MOLISANO_GIALLO,MOLISE,7
MOLISANO_ROSSO,MOLISE,8
MOLISANO_ROSSO,MOLISE,9
MOLISANO_FAGIOLO,MOLISE,9
MOLISANO_FAGIOLO,MOLISE,10
MOLISANO_BASE,MOLISE,10
MOLISANO_FAGIOLO,MOLISE,11
MOLISANO_COLONNA,MOLISE,12
MOLISANO_SECCO,MOLISE,12
MOLISANO_COLONNA,MOLISE,13
MOLISANO_VECCHIO,MOLISE,13
MOLISANO_ANFORA,MOLISE,14
MOLISANO_BELLO,MOLISE,14
MOLISANO_GROSSO,MOLISE,14
MOLISANO_GIALLO,MOLISE,14
MOLISANO_ROSSO,MOLISE,14
MOLISANO_FAGIOLO,MOLISE,14
MOLISANO_COLONNA,MOLISE,14
MOLISANO_VECCHIO,MOLISE,14
MOLISANO_ANFORA,MOLISE,15
MOLISANO_ANFORA,MOLISE,16
MOLISANO_ANFORA,MOLISE,17
MOLISANO_ANFORA,MOLISE,18
MOLISANO_ANFORA,MOLISE,19
MOLISANO_ANFORA,MOLISE,21
MOON_JELLYFISH,SINKING,0
MOON_MEDUSA1,SINKING,1
MOON_SNEK,SINKING,2
MOON_MEDUSA1,SINKING,3
MOON_JELLYFISH,SINKING,4
MOON_MEDUSA1,SINKING,4
MOON_SNEK,SINKING,5
MOON_GHOST,SINKING,6
MOON_GHOST,SINKING,7
MOON_SHADEBLUE,SINKING,7
MOON_FISHMAN,SINKING,8
MOON_SNEK_GREEN,SINKING,9
MOON_CRABBINO,SINKING,10
MOON_NIGHTSHADE,SINKING,11
MOON_GARLIC,SINKING,11
MOON_EYE1,SINKING,12
MOON_EYE2,SINKING,13
MOON_EYE1,SINKING,13
MOON_SNEK_RED,SINKING,14
BAT3,GREENACRES,0
SKULLINO,BONEZONE,0
SKULLINO,BONEZONE,1
SKELETON,BONEZONE,1
SKULOROSSO,BONEZONE,2
SKELETON,BONEZONE,2
SKELETON,BONEZONE,3
SKELETON,BONEZONE,4
SKELANGUE,BONEZONE,4
SKELETON,BONEZONE,5
PILE4,BONEZONE,5
SKULLINO,BONEZONE,6
SKULLNOAURA,BONEZONE,6
SKELETON,BONEZONE,7
SKELETON2,BONEZONE,7
SKELETON3,BONEZONE,7
SKELETON4,BONEZONE,7
PILE2,BONEZONE,7
SKELETON,BONEZONE,8
SKELETON2,BONEZONE,8
SKELETON3,BONEZONE,8
SKELETON4,BONEZONE,8
SKELEPANTHER,BONEZONE,8
SKELETON,BONEZONE,9
SKELETON,BONEZONE,10
SKELETON2,BONEZONE,10
SKELETON3,BONEZONE,10
SKELETON4,BONEZONE,10
SKELENIN_ZONE,BONEZONE,10
SKELETON,BONEZONE,11
SKULLINO,BONEZONE,11
SKULLNOAURA,BONEZONE,12
PILE4,BONEZONE,12
SKULLNOAURA,BONEZONE,13
SKELEPANTHER,BONEZONE,13
SKULLNOAURA,BONEZONE,14
SKULLNOAURA,BONEZONE,15
SKULOROSSO,BONEZONE,15
SKULLNOAURA,BONEZONE,16
SKELENIN_ZONE,BONEZONE,16
SKULLNOAURA,BONEZONE,17
SKELEPANTHER,BONEZONE,17
SKULLNOAURA,BONEZONE,18
SKELEWING_ZONE,BONEZONE,18
SKULLNOAURA,BONEZONE,19
SKULLNOAURA,BONEZONE,20
SKELETON,BONEZONE,21
SKELENIN_ZONE,BONEZONE,21
SKELANGUE,BONEZONE,22
SKULOROSSO,BONEZONE,22
PILE3,BONEZONE,23
SKELANGUE,BONEZONE,23
SKELANGUE,BONEZONE,24
SKELEWING_ZONE,BONEZONE,24
SKELEWING_ZONE,BONEZONE,25
SKELENIN_ZONE,BONEZONE,25
XLSKELETON,BONEZONE,26
XLSKELETON,BONEZONE,27
SKULLINO,BONEZONE,27
XLSKELETON,BONEZONE,28
SKELETONE,BONEZONE,29
BAT3,RASH,0
BAT3,RASH,1
MUD,RASH,2
MEDUSA1,RASH,3
MEDUSA1,RASH,4
SKELETON,RASH,5
HARPY,RASH,6
MILK,RASH,7
ARMOR_SWORD,RASH,8
MOON_EYE2,RASH,9
BAT3,RASH,11
BOSS_XLGOLEM1_29,RASH,12
BOSS_XLGOLEM2_29,RASH,12
BAT3,RASH,13
BOSS_DRAGOGION,RASH,14
EX_SPIRIT1,WHITEOUT,0
EX_SPIRIT1,WHITEOUT,1
EX_SNOWELEM,WHITEOUT,1
EX_SPIRIT1,WHITEOUT,2
EX_SNOWELEM,WHITEOUT,2
EX_SNOWELEM2,WHITEOUT,2
EX_FROST,WHITEOUT,3
GHOST,WHITEOUT,4
EX_FROST,WHITEOUT,4
EX_ILLUSION2,WHITEOUT,5
EX_ILLUSION2,WHITEOUT,6
EX_SNOWELEM,WHITEOUT,6
EX_ILLUSION,WHITEOUT,7
EX_SPIRIT1,WHITEOUT,7
EX_SNOWELEM,WHITEOUT,8
EX_SNOWELEM2,WHITEOUT,8
EX_GOLEM_ICE,WHITEOUT,9
EX_SNOWELEM2,WHITEOUT,9
EX_ILLUSION,WHITEOUT,10
EX_ILLUSION2,WHITEOUT,10
EX_FROST,WHITEOUT,11
EX_GOLEM_SNOW,WHITEOUT,12
GHOST,WHITEOUT,12
EX_FROST,WHITEOUT,12
EX_GOLEM_SNOW,WHITEOUT,13
EX_GOLEM_SNOW,WHITEOUT,14
EX_GOLEM_ICE,WHITEOUT,14
EX_FOXFIRE,WHITEOUT,15
EX_FOXFIRE,WHITEOUT,16
EX_SNOWMAN_HAUNTED,WHITEOUT,17
EX_SNOWMAN_HAUNTED,WHITEOUT,18
EX_SNOWMAN_HAUNTED2,WHITEOUT,18
EX_SNOWMAN_HAUNTED3,WHITEOUT,19
COOP_CHICKEN,COOP,0
COOP_CHICKEN_H,COOP,1
COOP_COCK_H,COOP,1
COOP_CHIK_H,COOP,1
COOP_EGG_H,COOP,1
COOP_CHICKEN,COOP,2
COOP_CHIK_H,COOP,2
COOP_CHICKEN_H,COOP,3
COOP_CHIK,COOP,3
COOP_CHICKEN,COOP,3
COOP_CHIK,COOP,4
COOP_EGG_H,COOP,4
COOP_COCK,COOP,4
COOP_CHIK,COOP,5
COOP_EGG,COOP,5
COOP_COCK_H,COOP,5
COOP_EGG_H,COOP,6
COOP_COCK,COOP,6
COOP_CHICKEN,COOP,6
COOP_ROAST_CHICKEN_H,COOP,7
COOP_CHICKEN,COOP,7
COOP_COCK,COOP,7
COOP_EGG_H,COOP,7
COOP_ROAST_CHICKEN,COOP,8
COOP_COCK,COOP,8
COOP_CHIK_H,COOP,8
COOP_CHICKEN_H,COOP,9
COOP_CHICKEN,COOP,9
COOP_EGG_H,COOP,10
COOP_CHIK_H,COOP,10
COOP_ABRAXAS,COOP,10
COOP_ABRAXAS,COOP,11
COOP_CHICKEN_H,COOP,11
COOP_CHIK,COOP,11
COOP_COCK,COOP,12
COOP_ROAST_CHICKEN_H,COOP,12
COOP_ABRAXAS,COOP,13
COOP_CHICKEN,COOP,13
COOP_ABRAXAS_H,COOP,14
COOP_COCK,COOP,14
COOP_CHICKEN_H,COOP,15
COOP_COCK,COOP,15
COOP_ABRAXAS,COOP,16
COOP_COCK_H,COOP,16
COOP_CHICKEN,COOP,16
COOP_ABRAXAS_H,COOP,17
COOP_COCK,COOP,17
COOP_ABRAXASCROWN_H,COOP,17
COOP_ABRAXAS,COOP,18
COOP_ABRAXASCROWN,COOP,18
COOP_CHIK_H,COOP,18
COOP_ABRAXAS_H,COOP,19
COOP_ABRAXASCROWN_H,COOP,19
COOP_ABRAXASHALO_H,COOP,19
ECTO1,SPAZIE,0
EX_DUCK_SWARM_H,SPAZIE,1
ECTO1,SPAZIE,2
ECTO2,SPAZIE,2
EX_PICKLE,SPAZIE,2
ECTO1,SPAZIE,3
ECTO2,SPAZIE,3
EX_PICKLE,SPAZIE,3
EX_DUCK_SWARM_H,SPAZIE,4
EX_RABBIT_SWARM_H,SPAZIE,4
EX_BROCCOLI_SCALE,SPAZIE,5
EX_PICKLE,SPAZIE,5
ECTO2,SPAZIE,6
ECTO1,SPAZIE,6
EX_ANT,SPAZIE,6
EX_BROCCOLI_SCALE,SPAZIE,7
EX_ANT,SPAZIE,7
EX_ANTBRAIN,SPAZIE,8
EX_ANT,SPAZIE,8
EX_ANTBRAIN,SPAZIE,9
EX_ANT,SPAZIE,9
EX_BROCCOLI_SCALE,SPAZIE,9
EX_PHALIEN,SPAZIE,10
EX_PHALIEN_L,SPAZIE,11
EX_PHALIEN_XL,SPAZIE,12
EX_ANT_SCALE,SPAZIE,13
EX_ANTBRAIN_SCALE,SPAZIE,13
EX_PICKLE_SCALE,SPAZIE,13
EX_BROCCOLI_SCALE,SPAZIE,13
EX_ANT_SCALE,SPAZIE,14
EX_ANTBRAIN_SCALE,SPAZIE,14
EX_PICKLE_SCALE,SPAZIE,14
EX_BATSPACE_ALL4,SPAZIE,15
EX_PHALIEN,SPAZIE,16
EX_PHALIEN_L,SPAZIE,16
EX_PHALIEN_XL,SPAZIE,16
EX_PHALIEN_XL,SPAZIE,17
EX_CUBE_HITS_AGGRO,SPAZIE,18
EX_CUBE_HITS_FACING,SPAZIE,19
EX_CUBE_HITS_STERILE,SPAZIE,20
EX_RACING_FISHMAN_1,CARLOCART,0
EX_RACING_BAT3,CARLOCART,1
EX_RACING_FISHMAN_1,CARLOCART,1
EX_RACING_FISHMAN_1,CARLOCART,2
EX_RACING_LIZARD1_2,CARLOCART,2
EX_RACING_LIZARD1_2,CARLOCART,3
EX_RACING_IMP,CARLOCART,3
EX_RACING_FISHMAN_1,CARLOCART,3
EX_RACING_LIZARD1_2,CARLOCART,4
EX_RACING_FISHMAN_1,CARLOCART,4
EX_RACING_IMP,CARLOCART,4
EX_RACING_LIZARD2_3,CARLOCART,5
EX_RACING_BAT3,CARLOCART,5
EX_RACING_FISHMAN_1,CARLOCART,6
EX_RACING_LIZARD2_3,CARLOCART,6
EX_RACING_MERMA1_3,CARLOCART,7
EX_RACING_LIZARD1_2,CARLOCART,7
EX_RACING_FISHMAN_1,CARLOCART,7
EX_RACING_RETRO,CARLOCART,8
EX_RACING_BAT3,CARLOCART,8
EX_RACING_XLBAT,CARLOCART,9
EX_RACING_BAT3,CARLOCART,9
EX_RACING_RETRO,CARLOCART,9
EX_RACING_BUER,CARLOCART,10
EX_RACING_BAT3,CARLOCART,10
EX_RACING_XLBAT,CARLOCART,11
EX_RACING_BAT3,CARLOCART,11
EX_RACING_BUER,CARLOCART,11
EX_RACING_RETRO,CARLOCART,12
EX_RACING_PILE1,CARLOCART,12
EX_RACING_MERMA2_4,CARLOCART,13
EX_RACING_LIZARD2_3,CARLOCART,13
EX_RACING_PILE2,CARLOCART,13
EX_RACING_IMP,CARLOCART,14
EX_RACING_PILE3,CARLOCART,14
FISHMAN_1,LABORRATORY,0
EX_FISHMAN_1GREEN,LABORRATORY,0
FISHMAN_1,LABORRATORY,1
FISHMAN_1,LABORRATORY,2
LIZARD1_2,LABORRATORY,2
EX_FISHMAN_1GREEN,LABORRATORY,2
LIZARD1_2,LABORRATORY,3
MUD,LABORRATORY,3
FISHMAN_1,LABORRATORY,3
LIZARD1_2,LABORRATORY,4
FISHMAN_1,LABORRATORY,4
EX_FISHMAN_1GREEN,LABORRATORY,4
LIZARD2_3,LABORRATORY,5
MUD,LABORRATORY,5
EX_FISHMAN_1GREEN,LABORRATORY,6
LIZARD2_3,LABORRATORY,6
MERMA1_3,LABORRATORY,7
LIZARD1_2,LABORRATORY,7
FISHMAN_1,LABORRATORY,7
EX_BOUNTYHUNTER,LABORRATORY,8
EX_TDCCC,LABORRATORY,8
MUD,LABORRATORY,8
EX_CONSTABLEBOT,LABORRATORY,9
MUD,LABORRATORY,9
EX_CONSTABLEBOT,LABORRATORY,10
MUD,LABORRATORY,10
EX_BOUNTYHUNTER,LABORRATORY,11
EX_TDCCC,LABORRATORY,11
EX_BOUNTYHUNTER,LABORRATORY,12
MERMA2_4,LABORRATORY,12
MERMA2_4,LABORRATORY,13
LIZARD2_3,LABORRATORY,13
LIZARD1_2,LABORRATORY,13
MERMA2_4,LABORRATORY,14
EX_RETROBOT,LABORRATORY,14
EX_APEX,LABORRATORY,15
EX_RETROBOT,LABORRATORY,15
EX_RETROBOT,LABORRATORY,16
EX_APEX,LABORRATORY,17
EX_GYORUNTIN,LABORRATORY,17
EX_APEX,LABORRATORY,18
EX_GYORUNTIN,LABORRATORY,18
EX_BOSSGYORUNTIN_SOLID,LABORRATORY,19
EX_BARM,EX_WESTWOODS,0
EX_SQUILLER_1,EX_WESTWOODS,0
EX_BARM,EX_WESTWOODS,1
EX_CLUBBIE,EX_WESTWOODS,1
EX_SQUILLER_2,EX_WESTWOODS,1
EX_CLUBBIE,EX_WESTWOODS,2
HARPY,EX_WESTWOODS,2
EX_SQUILLER_2,EX_WESTWOODS,2
EX_BARM,EX_WESTWOODS,3
HARPY,EX_WESTWOODS,4
EX_CLUBBIE,EX_WESTWOODS,4
EX_BARM,EX_WESTWOODS,5
EX_GAMBLIN,EX_WESTWOODS,5
EX_CLUBBIE,EX_WESTWOODS,6
EX_GAMBLIN,EX_WESTWOODS,6
EX_SQUILLER_2,EX_WESTWOODS,6
DEVIL1,EX_WESTWOODS,7
EX_CASINOGHOUL,EX_WESTWOODS,7
EX_GAMBLIN,EX_WESTWOODS,8
HARPY,EX_WESTWOODS,8
EX_GAMBERGAR,EX_WESTWOODS,9
EX_GAMBLIN,EX_WESTWOODS,9
EX_TOLL2,EX_WESTWOODS,10
EX_BARM,EX_WESTWOODS,10
EX_CARDSHARP,EX_WESTWOODS,10
EX_GAMBLIN,EX_WESTWOODS,11
EX_GAMBERGAR,EX_WESTWOODS,11
HARPY,EX_WESTWOODS,11
EX_CASINOGHOUL,EX_WESTWOODS,12
EX_TOLL2,EX_WESTWOODS,12
EX_GAMBLIN,EX_WESTWOODS,13
EX_GAMBERGAR,EX_WESTWOODS,13
EX_CARDSHARP,EX_WESTWOODS,13
EX_TOLL2,EX_WESTWOODS,14
EX_GAMBERGAR,EX_WESTWOODS,15
EX_GAMBLIN,EX_WESTWOODS,15
EX_CASINOGHOUL,EX_WESTWOODS,15
EX_CASINOGHOUL,EX_WESTWOODS,16
DEVIL1,EX_WESTWOODS,16
EX_DANDYBRINE,EX_WESTWOODS,17
EX_GAMBERGAR,EX_WESTWOODS,17
EX_SQUILLER_COMBO,EX_WESTWOODS,17
EX_DANDYBRINE,EX_WESTWOODS,18
EX_DAIMON,EX_WESTWOODS,18
EX_GAMBERGAR,EX_WESTWOODS,18
EX_VALENTINE,EX_WESTWOODS,19
DEVIL1,EX_WESTWOODS,19
EX_SQUILLER_COMBO,EX_WESTWOODS,19
EX_SCALING_BAT1,BATCOUNTRY,0
EX_SCALING_BAT1,BATCOUNTRY,1
EX_SCALING_BAT2,BATCOUNTRY,1
EX_SCALING_BAT1,BATCOUNTRY,2
EX_SCALING_BAT2,BATCOUNTRY,2
EX_SCALING_BAT3,BATCOUNTRY,2
EX_SCALING_BAT3,BATCOUNTRY,3
EX_SCALING_BAT3,BATCOUNTRY,4
EX_SCALING_BAT3,BATCOUNTRY,4
EX_SCALING_BAT3,BATCOUNTRY,5
EX_SCALING_BAT3,BATCOUNTRY,5
BAT3,BATCOUNTRY,6
BAT3,BATCOUNTRY,6
BAT3,BATCOUNTRY,7
BAT3,BATCOUNTRY,7
EX_SCALING_BAT3_YELLOW,BATCOUNTRY,8
EX_SCALING_BAT3,BATCOUNTRY,8
EX_SCALING_BAT3_YELLOW,BATCOUNTRY,9
EX_SCALING_BAT3_GREEN,BATCOUNTRY,10
EX_SCALING_BAT3_YELLOW,BATCOUNTRY,10
EX_SCALING_BAT3_GREEN,BATCOUNTRY,11
EX_SCALING_BAT3_PURPLE,BATCOUNTRY,12
EX_SCALING_BAT3_GREEN,BATCOUNTRY,12
EX_SCALING_BAT3_PURPLE,BATCOUNTRY,13
EX_SCALING_XLBAT,BATCOUNTRY,14
EX_SCALING_BAT3_PURPLE,BATCOUNTRY,14
EX_SCALING_XLBAT,BATCOUNTRY,15
EX_SCALING_BAT1,BATCOUNTRY,15
EX_SCALING_BAT2,BATCOUNTRY,15
EX_SCALING_BAT3,BATCOUNTRY,15
EX_SCALING_XLBAT,BATCOUNTRY,16
EX_SCALING_BAT3_PURPLE,BATCOUNTRY,16
EX_SCALING_BAT3_PURPLE,BATCOUNTRY,16
EX_SCALING_BAT3_GREEN,BATCOUNTRY,16
EX_SCALING_BAT3,BATCOUNTRY,16
EX_SCALING_XLBAT,BATCOUNTRY,17
EX_SCALING_XLBAT,BATCOUNTRY,18
EX_SCALING_BAT3_PURPLE,BATCOUNTRY,18
EX_SCALING_BAT3_PURPLE,BATCOUNTRY,18
EX_SCALING_BAT3_GREEN,BATCOUNTRY,18
EX_SCALING_BAT3,BATCOUNTRY,18
EX_SCALING_XXLBAT,BATCOUNTRY,19
STARDUST_ELEMENTAL,ASTRALSTAIR,0
STARDUST_ELEMENTAL,ASTRALSTAIR,1
STARDUST_ELEMENTAL,ASTRALSTAIR,2
STARDUST_HEMO,ASTRALSTAIR,2
STARDUST_MUD,ASTRALSTAIR,3
STARDUST_MUMMY,ASTRALSTAIR,4
STARDUST_MUD,ASTRALSTAIR,4
STARDUST_MUMMY,ASTRALSTAIR,5
STARDUST_GHOST,ASTRALSTAIR,6
STARDUST_GHOST,ASTRALSTAIR,7
STARDUST_SKULL,ASTRALSTAIR,7
STARDUST_SKULL,ASTRALSTAIR,8
STARDUST_SKULL,ASTRALSTAIR,9
STARDUST_MUD,ASTRALSTAIR,9
STARDUST_GHOUL,ASTRALSTAIR,10
STARDUST_GHOUL,ASTRALSTAIR,11
STARDUST_EYES,ASTRALSTAIR,11
STARDUST_EYES,ASTRALSTAIR,12
STARDUST_HEAD,ASTRALSTAIR,12
STARDUST_HEAD,ASTRALSTAIR,13
STARDUST_HEAD,ASTRALSTAIR,14
STARDUST_GOLEM,ASTRALSTAIR,14
STARDUST_GOLEM,ASTRALSTAIR,15
STARDUST_XLMUMMY,ASTRALSTAIR,16
STARDUST_MUMMY,ASTRALSTAIR,16
STARDUST_GHOUL,ASTRALSTAIR,16
STARDUST_SKULL,ASTRALSTAIR,16
STARDUST_ELEMENTAL,ASTRALSTAIR,16
STARDUST_GOLEM,ASTRALSTAIR,16
STARDUST_CLOAK,ASTRALSTAIR,17
STARDUST_XLMUMMY,ASTRALSTAIR,17
STARDUST_HEAD,ASTRALSTAIR,18
STARDUST_EYES,ASTRALSTAIR,18
STARDUST_MUD,ASTRALSTAIR,18
COSMIC_EGG,ASTRALSTAIR,19
EX_TORINO,EX_MAZERELLA,0
EX_TORINO,EX_MAZERELLA,1
MILK,EX_MAZERELLA,2
EX_HARPY2,EX_MAZERELLA,3
EX_TORINO,EX_MAZERELLA,4
MILK2,EX_MAZERELLA,5
EX_JOYATAURO,EX_MAZERELLA,6
HARPY,EX_MAZERELLA,6
EX_JOYATAURO,EX_MAZERELLA,7
MEDUSA2,EX_MAZERELLA,7
MILK2,EX_MAZERELLA,8
MEDUSA2,EX_MAZERELLA,9
EX_HARPY2,EX_MAZERELLA,9
EX_JOYATAURO,EX_MAZERELLA,10
EX_HARPY2,EX_MAZERELLA,11
MILK2,EX_MAZERELLA,11
EX_JOYATAURO,EX_MAZERELLA,12
MEDUSA2,EX_MAZERELLA,12
HARPYV,EX_MAZERELLA,13
MILK2,EX_MAZERELLA,13
EX_HARPY2,EX_MAZERELLA,14
EX_JOYATAURO,EX_MAZERELLA,14
EX_MEANATAUR,EX_MAZERELLA,15
EX_MEANATAUR,EX_MAZERELLA,16
HARPYV,EX_MAZERELLA,16
MEDUSA1,EX_MAZERELLA,16
MIGNO1_5,EX_MAZERELLA,17
MILK2,EX_MAZERELLA,17
MIGNO1_5,EX_MAZERELLA,18
EX_MEANATAUR,EX_MAZERELLA,18
XLCHIMERA,EX_MAZERELLA,19
XLARMOR2,EX_MAZERELLA,19
BRIDGE_TRAINEE,TOWERBRIDGE,0
SKULLINO,TOWERBRIDGE,1
BRIDGE_TRAINEE,TOWERBRIDGE,1
IMP,TOWERBRIDGE,2
SKULLINO,TOWERBRIDGE,2
IMP,TOWERBRIDGE,3
IMP,TOWERBRIDGE,4
SKULL2_EASY,TOWERBRIDGE,4
GHOST2,TOWERBRIDGE,5
SKULL2_EASY,TOWERBRIDGE,5
GHOST2,TOWERBRIDGE,6
HARPY,TOWERBRIDGE,6
MEDUSA2_AGGRO,TOWERBRIDGE,7
HARPY,TOWERBRIDGE,7
MEDUSA2_AGGRO,TOWERBRIDGE,8
BRIDGE_MINION,TOWERBRIDGE,8
BRIDGE_MINION,TOWERBRIDGE,9
KALI1,TOWERBRIDGE,10
BRIDGE_MINION,TOWERBRIDGE,10
BRIDGE_TETRA,TOWERBRIDGE,11
SKELEWING_INO,TOWERBRIDGE,12
BRIDGE_TETRA,TOWERBRIDGE,12
SKELEWING_INO,TOWERBRIDGE,13
BRIDGE_TETRA,TOWERBRIDGE,13
XLBAT,TOWERBRIDGE,14
BAT3,TOWERBRIDGE,14
XLBAT,TOWERBRIDGE,15
BRIDGE_ARMOR,TOWERBRIDGE,15
BRIDGE_ARMOR,TOWERBRIDGE,16
BRIDGE_ARMOR,TOWERBRIDGE,17
SKELEWING,TOWERBRIDGE,17
XLCOCKATRICE_GOLD,TOWERBRIDGE,18
XLSWORDIAN_AGGRO,TOWERBRIDGE,19
DEVIL_HP_1,DEVILROOM,0
MS_SPIRIT1,MOONSPELL,0
MS_SPIRIT1,MOONSPELL,1
ZOMBIE,MOONSPELL,1
BAT1,MOONSPELL,2
BAT2,MOONSPELL,2
BAT3,MOONSPELL,2
MS_TSUCHINOKO,MOONSPELL,3
MS_TSUCHINOKO,MOONSPELL,4
MS_SPIRIT2,MOONSPELL,4
MS_KAMAITACHI,MOONSPELL,5
MS_KAMAITACHI,MOONSPELL,6
MS_SPIRIT2,MOONSPELL,6
MS_RAIJU,MOONSPELL,7
MS_SPIRIT1,MOONSPELL,7
MS_RAIJU,MOONSPELL,8
MS_YAMAMBA1,MOONSPELL,9
ZOMBIE,MOONSPELL,9
MS_KAMAITACHI,MOONSPELL,10
MS_RAIJU,MOONSPELL,10
MS_TSUCHINOKO,MOONSPELL,11
MS_YAMAMBA2,MOONSPELL,12
MS_SPIRIT2,MOONSPELL,12
MS_TSUCHINOKO,MOONSPELL,12
MS_YAMAMBA2,MOONSPELL,13
MS_SPIRIT2,MOONSPELL,13
MS_SPIRIT2,MOONSPELL,13
MS_YAMAMBA1,MOONSPELL,14
MS_YAMAMBA2,MOONSPELL,14
MS_YAMAMBA2,MOONSPELL,15
MS_YAMAMBA1,MOONSPELL,15
MS_MIKOS,MOONSPELL,15
MS_YAMAMBA2,MOONSPELL,16
MS_YAMAMBA1,MOONSPELL,16
MS_MIKOS,MOONSPELL,16
MS_TENGU,MOONSPELL,17
MS_TENGU,MOONSPELL,18
MS_RAIJU,MOONSPELL,18
MS_TENGU,MOONSPELL,19
MS_MIKOS,MOONSPELL,19
MS_TENGU,MOONSPELL,20
MS_KAMAITACHI,MOONSPELL,20
MS_YAMAMBA1,MOONSPELL,20
MS_ONITHUNDER,MOONSPELL,21
MS_ONIWIND,MOONSPELL,22
MS_ONIWIND,MOONSPELL,23
MS_TENGU,MOONSPELL,23
MS_ONITHUNDER,MOONSPELL,24
MS_TENGU,MOONSPELL,24
MS_TSUCHIGUMO,MOONSPELL,25
MS_TSUCHIGUMO,MOONSPELL,26
MS_ONIWIND,MOONSPELL,26
MS_TENGU,MOONSPELL,27
MS_ONITHUNDER,MOONSPELL,27
MS_ONIWIND,MOONSPELL,27
MS_BOSS_RAIJU,MOONSPELL,28
MS_BOSS_KAMAITACHI,MOONSPELL,28
MS_BOSS_TSUCHIGUMO,MOONSPELL,28
MS_BOSS_ONITHUNDER,MOONSPELL,29
MS_BOSS_ONIWIND,MOONSPELL,29
FS_GOBLIN,FOSCARI,0
FS_GOBLIN,FOSCARI,1
FS_GOBLIN,FOSCARI,2
FS_BROWN,FOSCARI,2
FS_GEF,FOSCARI,3
FS_GOBLIN,FOSCARI,4
FS_GEF,FOSCARI,4
FS_BROWN,FOSCARI,5
FS_HTROW,FOSCARI,5
FS_STROW,FOSCARI,5
FS_SALMON,FOSCARI,6
FS_HTROW,FOSCARI,6
FS_STROW,FOSCARI,6
FS_SALMON,FOSCARI,7
FS_HTROW,FOSCARI,7
FS_STROW,FOSCARI,7
FS_SALMON2,FOSCARI,8
FS_SALMON,FOSCARI,8
FS_GEF,FOSCARI,9
FS_SALMON,FOSCARI,9
FS_SALMON_PINK,FOSCARI,9
FS_SELKIE,FOSCARI,10
FS_SALMON,FOSCARI,10
FS_SALMON_PINK,FOSCARI,10
FS_WULVER,FOSCARI,11
FS_SELKIE,FOSCARI,11
FS_WULVER,FOSCARI,12
FS_LAMB,FOSCARI,12
FS_WULVER,FOSCARI,13
FS_NJUGG,FOSCARI,13
FS_WULVER,FOSCARI,14
FS_NJUGG,FOSCARI,14
FS_LAMB,FOSCARI,14
FS_CLOWN,FOSCARI,15
FS_NJUGG,FOSCARI,15
FS_CLOWN,FOSCARI,16
FS_LAMB,FOSCARI,16
FS_CLOWN,FOSCARI,17
FS_DUERG,FOSCARI,17
FS_AILLEN,FOSCARI,18
FS_DUERG,FOSCARI,18
FS_BROWN,FOSCARI,18
FS_AILLEN,FOSCARI,19
FS_DUERG,FOSCARI,19
FS_WORM2,FOSCARI,20
FS_WORM,FOSCARI,20
FS_GOBLIN_RED,FOSCARI,21
FS_GREEN_RED,FOSCARI,22
FS_GOBLIN_RED,FOSCARI,22
FS_GREEN_RED,FOSCARI,23
FS_GREEN,FOSCARI,23
FS_GREEN,FOSCARI,24
FS_GOBLIN,FOSCARI,24
FS_GGHOST,FOSCARI,25
FS_GGGHOST,FOSCARI,25
FS_GREEN,FOSCARI,26
FS_GREEN,FOSCARI,27
FS_HAG,FOSCARI,27
FS_BOSS_GREEN_RED_28,FOSCARI,28
FS_BOSS_GREEN_28,FOSCARI,28
FS_MARI,FOSCARI,29
FS_GLORY,FOSCARI,29
FS_CAULD,FOSCARI2,0
FS_CAULD,FOSCARI2,1
FS_CAULD,FOSCARI2,2
REDUSA,FOSCARI2,2
REDUSA,FOSCARI2,3
HEMO,FOSCARI2,3
FS_CAULD,FOSCARI2,3
REDUSA,FOSCARI2,4
FS_CAULD,FOSCARI2,4
HEMO,FOSCARI2,4
FS_ROTGHOUL,FOSCARI2,5
HEMO2,FOSCARI2,5
FS_CAULD,FOSCARI2,6
FS_ROTGHOUL,FOSCARI2,6
FS_FLAMINGSKULL,FOSCARI2,7
REDUSA,FOSCARI2,7
FS_CAULD,FOSCARI2,7
FS_WORM,FOSCARI2,8
FS_SNAK1,FOSCARI2,8
FS_SNAK2,FOSCARI2,8
FS_SNAK3,FOSCARI2,8
FS_MEATBALL,FOSCARI2,9
HEMO2,FOSCARI2,9
FS_MEATBALL,FOSCARI2,10
FS_SHOOTER2,FOSCARI2,10
HEMO2,FOSCARI2,10
FS_WORM,FOSCARI2,11
FS_SNAK1,FOSCARI2,11
FS_SNAK2,FOSCARI2,11
FS_WORM2,FOSCARI2,12
FS_SHOOTER1,FOSCARI2,12
FS_SHOOTER2,FOSCARI2,12
FS_MEATY,FOSCARI2,13
FS_ROTGHOUL,FOSCARI2,13
REDUSA,FOSCARI2,13
FS_MEATY,FOSCARI2,14
FS_HORCAULD,FOSCARI2,14
FS_EDNA,FOSCARI2,15
FS_HORCAULD,FOSCARI2,15
FS_SHOOTER2,FOSCARI2,15
FS_HORCAULD,FOSCARI2,16
FS_HORWORM,FOSCARI2,16
FS_HORWORM,FOSCARI2,17
FS_HORNJUGG,FOSCARI2,17
FS_EDNA,FOSCARI2,18
FS_HORNJUGG,FOSCARI2,18
FS_HORWORM,FOSCARI2,19
FS_HORAILLEN,FOSCARI2,19
FS_HORAILLEN,FOSCARI2,20
FS_HORDUERG,FOSCARI2,20
FS_WORM,FOSCARI2,21
FS_WORM2,FOSCARI2,21
FS_SHOOTER2,FOSCARI2,21
FS_HORCAULD,FOSCARI2,22
FS_MEATBALL,FOSCARI2,23
FS_HORNJUGG,FOSCARI2,23
FS_EDNA,FOSCARI2,24
FS_HORWORM,FOSCARI2,24
FS_HORCAULD,FOSCARI2,24
FS_FMBALOR,FOSCARI2,25
FS_FMCONAND,FOSCARI2,25
FS_FMINDECH,FOSCARI2,25
FS_HORGLORY,FOSCARI2,26
FS_HORNJUGG,FOSCARI2,26
FS_HORGLORY,FOSCARI2,27
FS_HORMARI,FOSCARI2,27
FS_BOSS_FLAMINGSKULL,FOSCARI2,28
FS_BOSS_REDUSA,FOSCARI2,28
FS_BOSS_MEATBALL_29,FOSCARI2,29
FS_BOSS_MEATY_29,FOSCARI2,29
CHAL_BRIA,POLUS,0
CHAL_BRIA,POLUS,1
CHAL_FRIGGI,POLUS,1
CHAL_FRIGGI,POLUS,2
CHAL_BRIA,POLUS,2
CHAL_SHIFT,POLUS,3
CHAL_SHIFT,POLUS,4
CHAL_GHOST,POLUS,4
CHAL_MOLO2,POLUS,5
CHAL_OTTERR,POLUS,6
CHAL_MOLO2,POLUS,6
BAT2,POLUS,7
CHAL_BRIA,POLUS,7
CHAL_MOLO1,POLUS,7
CHAL_OTTERR,POLUS,8
SPACE_ANT,POLUS,9
SPACE_ANTBRAIN,POLUS,9
CHAL_MOLO1,POLUS,10
CHAL_MOLO2,POLUS,10
CHAL_SHIFT,POLUS,11
CHAL_MONKEY,POLUS,12
CHAL_GHOST,POLUS,12
CHAL_SHIFT,POLUS,12
CHAL_MONKEY,POLUS,13
CHAL_GHOST,POLUS,13
CHAL_GHOST,POLUS,13
CHAL_CREATU,POLUS,14
CHAL_MONKEY,POLUS,14
CHAL_MONKEY,POLUS,15
CHAL_CREATU,POLUS,15
CHAL_MOLO2,POLUS,15
CHAL_MARTIA,POLUS,16
CHAL_MOLO1,POLUS,16
CHAL_MOLO2,POLUS,16
CHAL_NDROID,POLUS,17
CHAL_NDROID,POLUS,18
CHAL_MOLO1,POLUS,18
CHAL_NDROID,POLUS,19
CHAL_MOLO1,POLUS,19
CHAL_NDROID,POLUS,20
CHAL_MOLO2,POLUS,20
CHAL_CREATU,POLUS,20
SPACE_PICKLE,POLUS,21
SPACE_PICKLE,POLUS,22
CHAL_NDROID,POLUS,22
SPACE_PICKLE,POLUS,23
CHAL_NDROID,POLUS,23
SPACE_PICKLE,POLUS,24
CHAL_NDROID,POLUS,24
CHAL_TRIPOD,POLUS,25
CHAL_TRIPOD,POLUS,26
SPACE_PICKLE,POLUS,26
CHAL_NDROID,POLUS,27
CHAL_MOLO1,POLUS,27
CHAL_MOLO2,POLUS,27
CHAL_CREATU,POLUS,28
CHAL_ROBOTT,POLUS,28
CHAL_ROBOTT,POLUS,29
CHAL_ROBOTT2,POLUS,29
FB_LEDDER_UNARMED,FB_GALUGA,0
FB_LEDDER_UNARMED,FB_GALUGA,1
FB_GREEDER,FB_GALUGA,1
FB_GREEDER,FB_GALUGA,2
FB_LEDDER_UNARMED,FB_GALUGA,3
FB_MOSQUITO,FB_GALUGA,3
FB_EVILSNOWMAN,FB_GALUGA,4
FB_LEDDER_UNARMED,FB_GALUGA,4
FB_GREEDER,FB_GALUGA,5
FB_MOSQUITO,FB_GALUGA,5
FB_MOSQUITO,FB_GALUGA,6
FB_EVILSNOWMAN,FB_GALUGA,6
FB_WARLORD,FB_GALUGA,7
FB_GREEDER,FB_GALUGA,7
FB_ALIENCENTIPEDE,FB_GALUGA,7
FB_WARLORD,FB_GALUGA,8
FB_LEDDER_UNARMED,FB_GALUGA,8
FB_GREEDER,FB_GALUGA,8
FB_EVILSNOWMAN,FB_GALUGA,9
FB_GREEDER,FB_GALUGA,9
FB_HUMANFACEDDOG,FB_GALUGA,10
FB_LEDDER_UNARMED,FB_GALUGA,10
FB_GARTH,FB_GALUGA,11
FB_GREEDER,FB_GALUGA,11
FB_HUMANFACEDDOG,FB_GALUGA,12
FB_WALKINGBALL,FB_GALUGA,12
FB_GARTH,FB_GALUGA,13
FB_EVILSNOWMAN,FB_GALUGA,13
FB_FLIGHTZAKO,FB_GALUGA,14
FB_WALKINGBALL,FB_GALUGA,14
FB_HUMANFACEDDOG,FB_GALUGA,14
FB_GARTH,FB_GALUGA,15
FB_GREEDER,FB_GALUGA,15
FB_WALKINGBALL,FB_GALUGA,15
FB_WALKINGBALL,FB_GALUGA,16
FB_ALIENCENTIPEDE,FB_GALUGA,16
FB_MOSQUITO,FB_GALUGA,16
FB_GARTH,FB_GALUGA,17
FB_FLIGHTZAKO,FB_GALUGA,17
FB_GARTH,FB_GALUGA,18
FB_WALKINGBALL,FB_GALUGA,18
FB_JUNKYARDCAR,FB_GALUGA,19
FB_EVILSNOWMAN,FB_GALUGA,19
FB_FLIGHTZAKO,FB_GALUGA,20
FB_WALKINGBALL,FB_GALUGA,20
FB_BUGGER,FB_GALUGA,21
FB_BUNDLE,FB_GALUGA,22
FB_POISONOUSINSECTGEL,FB_GALUGA,22
FB_ZAKOALIEN,FB_GALUGA,23
FB_BUNDLE,FB_GALUGA,24
FB_GIGAFLY,FB_GALUGA,24
FB_ZAKOALIEN,FB_GALUGA,25
FB_GIGAFLY,FB_GALUGA,25
FB_MUTANTCRAWLER,FB_GALUGA,26
FB_CHICKEN,FB_GALUGA,27
FB_METALALIEN,FB_GALUGA,27
FB_ALIENCENTIPEDE,FB_GALUGA,27
FB_FLIGHTZAKO,FB_GALUGA,28
FB_M78,FB_GALUGA,28
FB_WALKINGBALL,FB_GALUGA,28
FB_KIMKOH,FB_GALUGA,29
FB_MUTANTCRAWLER,FB_GALUGA,29
FB_GIGAFLY,FB_GALUGA,29
FB_HELLRIDER2_RACING,FB_HIGHWAY,0
FB_HELLRIDER2_RACING,FB_HIGHWAY,1
FB_WINGLIZARD_FLYING,FB_HIGHWAY,1
FB_MUTANTCRAWLER_RACING,FB_HIGHWAY,2
FB_WINGLIZARD_FLYING,FB_HIGHWAY,2
FB_MUTANTCRAWLER_RACING,FB_HIGHWAY,3
FB_HELLRIDER_RACING,FB_HIGHWAY,3
FB_MUTANTCRAWLER_RACING,FB_HIGHWAY,4
FB_WALKINGBALL_RACING,FB_HIGHWAY,4
FB_MOSQUITO_FLYING,FB_HIGHWAY,5
FB_EVILSNOWMAN_RACING,FB_HIGHWAY,5
FB_MOSQUITO_FLYING,FB_HIGHWAY,6
FB_EVILSNOWMAN_RACING,FB_HIGHWAY,6
FB_FLIGHTZAKO_FLYING,FB_HIGHWAY,6
FB_HELLRIDER_RACING,FB_HIGHWAY,7
FB_FLIGHTZAKO_FLYING,FB_HIGHWAY,7
FB_HELLRIDER_RACING,FB_HIGHWAY,8
FB_FLIGHTZAKO_FLYING,FB_HIGHWAY,8
FB_JUNKYARDCAR_RACING,FB_HIGHWAY,9
FB_BUNDLE_FLYING,FB_HIGHWAY,9
FB_JUNKYARDCAR_RACING,FB_HIGHWAY,10
FB_BUNDLE_FLYING,FB_HIGHWAY,10
FB_MUTANTCRAWLER_RACING,FB_HIGHWAY,11
FB_HELLRIDER_RACING,FB_HIGHWAY,12
FB_CHICKEN_RACING,FB_HIGHWAY,13
FB_WINGLIZARD_FLYING,FB_HIGHWAY,13
FB_CHICKEN_RACING,FB_HIGHWAY,14
FB_FLIGHTZAKO_FLYING,FB_HIGHWAY,14
FB_METALALIEN_FLYING,FB_HIGHWAY,15
FB_FLIGHTZAKO_FLYING,FB_HIGHWAY,15
FB_METALALIEN_FLYING,FB_HIGHWAY,16
FB_WALKINGBALL_RACING,FB_HIGHWAY,16
FB_EVILSNOWMAN_RACING,FB_HIGHWAY,16
FB_M78_RACING,FB_HIGHWAY,17
FB_BUNDLE_FLYING,FB_HIGHWAY,17
FB_M78_RACING,FB_HIGHWAY,18
FB_METALALIEN_FLYING,FB_HIGHWAY,18
FB_M78_RACING,FB_HIGHWAY,19
FB_CHICKEN_RACING,FB_HIGHWAY,19
FB_JUNKYARDCAR_RACING,FB_HIGHWAY,19
FB_EVILSNOWMAN_RACING,FB_HIGHWAY,19
FB_WALKINGBALL_RACING,FB_HIGHWAY,19
FB_METALALIEN_FLYING,FB_HIGHWAY,19
FB_FLIGHTZAKO_FLYING,FB_HIGHWAY,19
TP_FLEARIDER,TP_CHAPEL,0
TP_FROZENSHADE,TP_CHAPEL,1
TP_GAIBON,TP_CHAPEL,2
TP_HARPY,TP_CHAPEL,3
TP_IMP,TP_CHAPEL,4
TP_FLEAMAN,TP_CHAPEL,5
TP_MOLDYCORPSE,TP_CHAPEL,6
TP_SPITTLEBONE_01,TP_CHAPEL,7
TP_UKOBACK,TP_CHAPEL,8
TP_SPECTRE,TP_CHAPEL,9
TP_SUCCUBUS,TP_CHAPEL,10
TP_VALHALLAKNIGHT,TP_CHAPEL,11
TP_WARG_01,TP_CHAPEL,12
TP_BITTERFLY,TP_CHAPEL,13
TP_BRAUNERSPAINTING,TP_CHAPEL,14
TP_CAVETROLL,TP_CHAPEL,15
TP_FISHMAN_01,TP_CHAPEL,16
TP_FLEAARMOR,TP_CHAPEL,17
TP_PERSEPHONE_01,TP_CHAPEL,18
TP_PERSEPHONEVACCUUM,TP_CHAPEL,19
TP_FLEAMAN,TP_CHAPEL,20
TP_GHOST,TP_CHAPEL,21
TP_SKELETONSPEAR,TP_CHAPEL,21
TP_FLYINGZOMBIE_01,TP_CASTLE,0
TP_FLYINGZOMBIE_01,TP_CASTLE,1
TP_FLYINGZOMBIE_02,TP_CASTLE,1
TP_BITTERFLY,TP_CASTLE,1
TP_FLYINGZOMBIE_01,TP_CASTLE,2
TP_BITTERFLY,TP_CASTLE,2
TP_FLYINGZOMBIE_01,TP_CASTLE,3
TP_YORICK_01,TP_CASTLE,3
TP_FLYINGZOMBIE_01,TP_CASTLE,4
TP_BITTERFLY,TP_CASTLE,4
TP_YORICK_01,TP_CASTLE,4
TP_BITTERFLY,TP_CASTLE,5
TP_YORICK_01,TP_CASTLE,5
TP_FISHMAN_01,TP_CASTLE,6
TP_FLYINGZOMBIE_01,TP_CASTLE,6
TP_FLYINGZOMBIE_02,TP_CASTLE,6
TP_FISHMAN_01,TP_CASTLE,7
TP_YORICK_01,TP_CASTLE,7
TP_FLYINGZOMBIE_01,TP_CASTLE,7
TP_FISHMAN_01,TP_CASTLE,8
TP_YORICK_01,TP_CASTLE,8
TP_FISHMAN_01,TP_CASTLE,9
TP_DULLAHAN_01,TP_CASTLE,9
TP_FISHMAN_01,TP_CASTLE,10
TP_BITTERFLY,TP_CASTLE,10
TP_DULLAHAN_01,TP_CASTLE,11
TP_DULLAHAN_02,TP_CASTLE,11
TP_MOLDYCORPSE,TP_CASTLE,11
TP_CAVETROLL,TP_CASTLE,12
TP_DULLAHAN_01,TP_CASTLE,12
TP_DULLAHAN_02,TP_CASTLE,12
TP_FISHMAN_01,TP_CASTLE,13
TP_MOLDYCORPSE,TP_CASTLE,13
TP_CAVETROLL,TP_CASTLE,13
TP_FISHMAN_01,TP_CASTLE,14
TP_FISHMAN_02,TP_CASTLE,14
TP_CAVETROLL,TP_CASTLE,14
TP_CAVETROLL,TP_CASTLE,15
TP_FISHMAN_01,TP_CASTLE,15
TP_BITTERFLY,TP_CASTLE,15
TP_WARG_01,TP_CASTLE,16
TP_FISHMAN_01,TP_CASTLE,16
TP_DULLAHAN_01,TP_CASTLE,16
TP_WARG_01,TP_CASTLE,17
TP_MOLDYCORPSE,TP_CASTLE,17
TP_CAVETROLL,TP_CASTLE,17
TP_DULLAHAN_01,TP_CASTLE,18
TP_DULLAHAN_02,TP_CASTLE,18
TP_GURKHAKNIFEMASTER,TP_CASTLE,18
TP_CAVETROLL,TP_CASTLE,19
TP_GURKHAKNIFEMASTER,TP_CASTLE,19
TP_GURKHAKNIFEMASTER,TP_CASTLE,20
TP_DISCARMOR,TP_CASTLE,21
TP_GURKHAKNIFEMASTER,TP_CASTLE,21
TP_VALHALLAKNIGHT,TP_CASTLE,22
TP_GURKHAKNIFEMASTER,TP_CASTLE,22
TP_VALHALLAKNIGHT,TP_CASTLE,23
TP_DISCARMOR,TP_CASTLE,23
TP_DISCARMOR,TP_CASTLE,24
TP_GURKHAKNIFEMASTER,TP_CASTLE,24
TP_DISCARMOR,TP_CASTLE,25
TP_GURKHAKNIFEMASTER,TP_CASTLE,25
TP_VALHALLAKNIGHT,TP_CASTLE,25
TP_WARG_01,TP_CASTLE,26
TP_WARG_02,TP_CASTLE,26
TP_WARGRIDER,TP_CASTLE,26
TP_WARG_01,TP_CASTLE,27
TP_WARGRIDER,TP_CASTLE,27
TP_VALHALLAKNIGHT,TP_CASTLE,28
TP_WARGRIDER,TP_CASTLE,28
TP_WARG_01,TP_CASTLE,28
TP_FLEAARMOR,TP_CASTLE,29
TP_FLEARIDER,TP_CASTLE,29
TP_MEGA_FLEAMAN,TP_CASTLE,29
TP_FLYINGZOMBIE_01,TP_CASTLE,1
TP_FLYINGZOMBIE_02,TP_CASTLE,1
TP_FLYINGZOMBIE_01,TP_CASTLE,2
TP_SPITTLEBONE_01,TP_CASTLE,2
TP_SPITTLEBONE_01,TP_CASTLE,3
TP_SPITTLEBONE_02,TP_CASTLE,3
TP_PERSEPHONE_01,TP_CASTLE,3
TP_SPITTLEBONE_01,TP_CASTLE,4
TP_PERSEPHONE_01,TP_CASTLE,4
TP_PERSEPHONEVACCUUM,TP_CASTLE,4
TP_PERSEPHONE_01,TP_CASTLE,5
TP_PERSEPHONEVACCUUM,TP_CASTLE,5
TP_AXEARMOR_01,TP_CASTLE,6
TP_SPITTLEBONE_01,TP_CASTLE,6
TP_SPITTLEBONE_02,TP_CASTLE,6
TP_PERSEPHONE_01,TP_CASTLE,7
TP_PERSEPHONEVACCUUM,TP_CASTLE,7
TP_AXEARMOR_01,TP_CASTLE,7
TP_AXEARMOR_01,TP_CASTLE,8
TP_FISHMAN_01,TP_CASTLE,8
TP_DULLAHAN_01,TP_CASTLE,8
TP_AXEARMOR_01,TP_CASTLE,9
TP_FISHMAN_01,TP_CASTLE,9
TP_DULLAHAN_01,TP_CASTLE,10
TP_YORICK_01,TP_CASTLE,10
TP_SPITTLEBONE_01,TP_CASTLE,10
TP_FISHMAN_01,TP_CASTLE,11
TP_SPITTLEBONE_01,TP_CASTLE,11
TP_SPITTLEBONE_02,TP_CASTLE,11
TP_SKELETONAPE,TP_CASTLE,12
TP_DULLAHAN_01,TP_CASTLE,12
TP_SPITTLEBONE_01,TP_CASTLE,12
TP_PERSEPHONEVACCUUM,TP_CASTLE,13
TP_PERSEPHONE_01,TP_CASTLE,13
TP_PERSEPHONE_02,TP_CASTLE,13
TP_SKELETONAPE,TP_CASTLE,14
TP_DULLAHAN_01,TP_CASTLE,14
TP_DULLAHAN_02,TP_CASTLE,14
TP_SKELETONAPE,TP_CASTLE,15
TP_BONEARK,TP_CASTLE,15
TP_SPITTLEBONE_01,TP_CASTLE,15
TP_SKELETONAPE,TP_CASTLE,16
TP_FISHMAN_01,TP_CASTLE,16
TP_DULLAHAN_01,TP_CASTLE,16
TP_GURKHAKNIFEMASTER,TP_CASTLE,17
TP_DULLAHAN_01,TP_CASTLE,17
TP_SPITTLEBONE_01,TP_CASTLE,17
TP_GURKHAKNIFEMASTER,TP_CASTLE,18
TP_FISHMAN_01,TP_CASTLE,18
TP_DULLAHAN_01,TP_CASTLE,18
TP_AXEARMOR_01,TP_CASTLE,19
TP_GURKHAKNIFEMASTER,TP_CASTLE,19
TP_SKELETONAPE,TP_CASTLE,20
TP_DULLAHAN_01,TP_CASTLE,20
TP_DISCARMOR,TP_CASTLE,21
TP_PERSEPHONE_01,TP_CASTLE,21
TP_PERSEPHONEVACCUUM,TP_CASTLE,21
TP_DISCARMOR,TP_CASTLE,22
TP_GURKHAKNIFEMASTER,TP_CASTLE,22
TP_VALHALLAKNIGHT,TP_CASTLE,23
TP_GURKHAKNIFEMASTER,TP_CASTLE,23
TP_DULLAHAN_01,TP_CASTLE,23
TP_BRAUNERSPAINTING,TP_CASTLE,24
TP_DISCARMOR,TP_CASTLE,24
TP_DULLAHAN_01,TP_CASTLE,24
TP_GURKHAKNIFEMASTER,TP_CASTLE,25
TP_PERSEPHONE_01,TP_CASTLE,25
TP_VALHALLAKNIGHT,TP_CASTLE,25
TP_DISCARMOR,TP_CASTLE,26
TP_GURKHAKNIFEMASTER,TP_CASTLE,26
TP_BRAUNERSPAINTING,TP_CASTLE,26
TP_BONEGOLEM,TP_CASTLE,27
TP_BRAUNERSPAINTING,TP_CASTLE,27
TP_DISCARMOR,TP_CASTLE,28
TP_GURKHAKNIFEMASTER,TP_CASTLE,28
TP_BRAUNERSPAINTING,TP_CASTLE,28
TP_FLYINGZOMBIE_01,TP_CASTLE,1
TP_FLYINGZOMBIE_02,TP_CASTLE,1
TP_FROZENSHADE,TP_CASTLE,1
TP_FLYINGZOMBIE_01,TP_CASTLE,2
TP_SPITTLEBONE_01,TP_CASTLE,2
TP_KILLERDOLL,TP_CASTLE,2
TP_KILLERDOLL,TP_CASTLE,3
TP_FROZENSHADE,TP_CASTLE,3
TP_SPITTLEBONE_01,TP_CASTLE,4
TP_PERSEPHONE_01,TP_CASTLE,4
TP_PERSEPHONEVACCUUM,TP_CASTLE,4
TP_YORICK_01,TP_CASTLE,5
TP_UKOBACK,TP_CASTLE,5
TP_AXEARMOR_01,TP_CASTLE,6
TP_SPITTLEBONE_01,TP_CASTLE,6
TP_FISHMAN_01,TP_CASTLE,6
TP_FISHMAN_01,TP_CASTLE,7
TP_KILLERDOLL,TP_CASTLE,7
TP_SPITTLEBONE_01,TP_CASTLE,7
TP_GORGON,TP_CASTLE,8
TP_UKOBACK,TP_CASTLE,8
TP_DULLAHAN_01,TP_CASTLE,8
TP_AXEARMOR_01,TP_CASTLE,9
TP_GORGON,TP_CASTLE,9
TP_DULLAHAN_01,TP_CASTLE,10
TP_YORICK_01,TP_CASTLE,10
TP_KILLERDOLL,TP_CASTLE,10
TP_SKELETONAPE,TP_CASTLE,11
TP_DULLAHAN_01,TP_CASTLE,11
TP_KILLERDOLL,TP_CASTLE,11
TP_BONEARK,TP_CASTLE,12
TP_DULLAHAN_01,TP_CASTLE,12
TP_GORGON,TP_CASTLE,12
TP_PERSEPHONE_01,TP_CASTLE,13
TP_SKELETONAPE,TP_CASTLE,13
TP_PERSEPHONE_01,TP_CASTLE,14
TP_PERSEPHONEVACCUUM,TP_CASTLE,14
TP_DULLAHAN_01,TP_CASTLE,14
TP_SKELETONAPE,TP_CASTLE,15
TP_GORGON,TP_CASTLE,15
TP_SKELETONAPE,TP_CASTLE,16
TP_FISHMAN_01,TP_CASTLE,16
TP_DULLAHAN_01,TP_CASTLE,16
TP_BONEGOLEM,TP_CASTLE,17
TP_AXEARMOR_01,TP_CASTLE,17
TP_FROZENSHADE,TP_CASTLE,17
TP_BONEGOLEM,TP_CASTLE,18
TP_FISHMAN_01,TP_CASTLE,18
TP_DULLAHAN_01,TP_CASTLE,18
TP_AXEARMOR_01,TP_CASTLE,19
TP_GORGON,TP_CASTLE,19
TP_SKELETONAPE,TP_CASTLE,20
TP_DULLAHAN_01,TP_CASTLE,20
TP_DISCARMOR,TP_CASTLE,21
TP_PERSEPHONE_01,TP_CASTLE,21
TP_PERSEPHONEVACCUUM,TP_CASTLE,21
TP_DISCARMOR,TP_CASTLE,22
TP_GURKHAKNIFEMASTER,TP_CASTLE,22
TP_BONEGOLEM,TP_CASTLE,23
TP_GURKHAKNIFEMASTER,TP_CASTLE,23
TP_DULLAHAN_01,TP_CASTLE,23
TP_VALHALLAKNIGHT,TP_CASTLE,24
TP_DISCARMOR,TP_CASTLE,24
TP_DULLAHAN_01,TP_CASTLE,24
TP_BONEGOLEM,TP_CASTLE,25
TP_FISHMAN_01,TP_CASTLE,25
TP_VALHALLAKNIGHT,TP_CASTLE,25
TP_DISCARMOR,TP_CASTLE,26
TP_GURKHAKNIFEMASTER,TP_CASTLE,26
TP_BONEGOLEM,TP_CASTLE,27
TP_BONEGOLEM,TP_CASTLE,28
TP_SKELETONAPE,TP_CASTLE,28
TP_AMALARICSNIPER,TP_CASTLE,28
TP_FLYINGZOMBIE_01,TP_CASTLE,1
TP_FLYINGZOMBIE_02,TP_CASTLE,1
TP_MAGICBOOK_01,TP_CASTLE,1
TP_FLYINGZOMBIE_01,TP_CASTLE,2
TP_SPITTLEBONE_01,TP_CASTLE,2
TP_SPITTLEBONE_01,TP_CASTLE,3
TP_PERSEPHONE_01,TP_CASTLE,3
TP_YORICK_01,TP_CASTLE,3
TP_MAGICBOOK_01,TP_CASTLE,4
TP_PERSEPHONE_01,TP_CASTLE,4
TP_PERSEPHONEVACCUUM,TP_CASTLE,4
TP_PERSEPHONE_01,TP_CASTLE,5
TP_PERSEPHONEVACCUUM,TP_CASTLE,5
TP_AXEARMOR_01,TP_CASTLE,6
TP_KILLERDOLL,TP_CASTLE,6
TP_SPITTLEBONE_02,TP_CASTLE,6
TP_PERSEPHONE_01,TP_CASTLE,7
TP_PERSEPHONEVACCUUM,TP_CASTLE,7
TP_DULLAHAN_01,TP_CASTLE,7
TP_AXEARMOR_01,TP_CASTLE,8
TP_GORGON,TP_CASTLE,8
TP_DULLAHAN_01,TP_CASTLE,8
TP_AXEARMOR_01,TP_CASTLE,9
TP_PERSEPHONE_01,TP_CASTLE,9
TP_DULLAHAN_01,TP_CASTLE,10
TP_YORICK_01,TP_CASTLE,10
TP_SKELETONAPE,TP_CASTLE,11
TP_SPITTLEBONE_01,TP_CASTLE,11
TP_SPITTLEBONE_02,TP_CASTLE,11
TP_SKELETONAPE,TP_CASTLE,12
TP_DULLAHAN_01,TP_CASTLE,12
TP_SPITTLEBONE_01,TP_CASTLE,12
TP_PERSEPHONE_01,TP_CASTLE,13
TP_MAGICBOOK_01,TP_CASTLE,13
TP_MAGICBOOK_02,TP_CASTLE,13
TP_SKELETONAPE,TP_CASTLE,14
TP_DULLAHAN_01,TP_CASTLE,14
TP_DULLAHAN_02,TP_CASTLE,14
TP_SKELETONAPE,TP_CASTLE,15
TP_BONEARK,TP_CASTLE,15
TP_SPITTLEBONE_01,TP_CASTLE,15
TP_SKELETONAPE,TP_CASTLE,15
TP_YORICK_01,TP_CASTLE,15
TP_SPITTLEBONE_01,TP_CASTLE,15
TP_SKELETONAPE,TP_CASTLE,16
TP_GORGON,TP_CASTLE,16
TP_DULLAHAN_01,TP_CASTLE,16
TP_HIPPOGRYPH,TP_CASTLE,17
TP_DULLAHAN_01,TP_CASTLE,17
TP_PERSEPHONE_01,TP_CASTLE,17
TP_HIPPOGRYPH,TP_CASTLE,18
TP_SPECTRE,TP_CASTLE,18
TP_DULLAHAN_01,TP_CASTLE,18
TP_AXEARMOR_01,TP_CASTLE,19
TP_BONEGOLEM,TP_CASTLE,19
TP_SKELETONAPE,TP_CASTLE,20
TP_DULLAHAN_01,TP_CASTLE,20
TP_WEREWOLF,TP_CASTLE,20
TP_WEREWOLF,TP_CASTLE,21
TP_PERSEPHONE_01,TP_CASTLE,21
TP_PERSEPHONEVACCUUM,TP_CASTLE,21
TP_HIPPOGRYPH,TP_CASTLE,22
TP_BONEGOLEM,TP_CASTLE,22
TP_WEREWOLF,TP_CASTLE,23
TP_BONEGOLEM,TP_CASTLE,23
TP_DULLAHAN_01,TP_CASTLE,23
TP_MALACHI,TP_CASTLE,24
TP_HIPPOGRYPH,TP_CASTLE,24
TP_DULLAHAN_01,TP_CASTLE,24
TP_BONEGOLEM,TP_CASTLE,25
TP_SPECTRE,TP_CASTLE,25
TP_SKELETONAPE,TP_CASTLE,25
TP_WEREWOLF,TP_CASTLE,26
TP_BONEGOLEM,TP_CASTLE,26
TP_WEREWOLF,TP_CASTLE,27
TP_MALACHI,TP_CASTLE,28
TP_SPITTLEBONE_01,TP_CASTLE,1
TP_SPITTLEBONE_02,TP_CASTLE,1
TP_GHOST,TP_CASTLE,1
TP_GHOST,TP_CASTLE,2
TP_SPITTLEBONE_01,TP_CASTLE,2
TP_SPITTLEBONE_01,TP_CASTLE,3
TP_GHOST,TP_CASTLE,3
TP_YORICK_01,TP_CASTLE,3
TP_GHOST,TP_CASTLE,4
TP_IMP,TP_CASTLE,4
TP_YORICK_01,TP_CASTLE,4
TP_GHOST,TP_CASTLE,5
TP_SPITTLEBONE_01,TP_CASTLE,5
TP_HARPY,TP_CASTLE,5
TP_AXEARMOR_01,TP_CASTLE,6
TP_HARPY,TP_CASTLE,6
TP_SPITTLEBONE_02,TP_CASTLE,6
TP_HARPY,TP_CASTLE,7
TP_AMALARICSNIPER,TP_CASTLE,7
TP_DULLAHAN_01,TP_CASTLE,7
TP_AXEARMOR_01,TP_CASTLE,8
TP_HARPY,TP_CASTLE,8
TP_GHOST,TP_CASTLE,8
TP_AXEARMOR_01,TP_CASTLE,9
TP_AMALARICSNIPER,TP_CASTLE,9
TP_DULLAHAN_01,TP_CASTLE,10
TP_HARPY,TP_CASTLE,10
TP_SKELETONAPE,TP_CASTLE,11
TP_SPITTLEBONE_01,TP_CASTLE,11
TP_SPITTLEBONE_02,TP_CASTLE,11
TP_SKELETONAPE,TP_CASTLE,12
TP_HARPY,TP_CASTLE,12
TP_SPITTLEBONE_01,TP_CASTLE,12
TP_HARPY,TP_CASTLE,13
TP_AMALARICSNIPER,TP_CASTLE,13
TP_GHOST,TP_CASTLE,13
TP_SKELETONAPE,TP_CASTLE,14
TP_HARPY,TP_CASTLE,14
TP_AMALARICSNIPER,TP_CASTLE,14
TP_SKELETONAPE,TP_CASTLE,15
TP_FLEAARMOR,TP_CASTLE,15
TP_SPITTLEBONE_01,TP_CASTLE,15
TP_SKELETONAPE,TP_CASTLE,16
TP_AMALARICSNIPER,TP_CASTLE,16
TP_SPECTRE,TP_CASTLE,16
TP_HIPPOGRYPH,TP_CASTLE,17
TP_GHOST,TP_CASTLE,17
TP_HARPY,TP_CASTLE,17
TP_AMALARICSNIPER,TP_CASTLE,18
TP_SPECTRE,TP_CASTLE,18
TP_FLEAARMOR,TP_CASTLE,18
TP_AXEARMOR_01,TP_CASTLE,19
TP_HARPY,TP_CASTLE,19
TP_SKELETONAPE,TP_CASTLE,20
TP_DULLAHAN_01,TP_CASTLE,20
TP_WEREWOLF,TP_CASTLE,20
TP_FLEARIDER,TP_CASTLE,21
TP_GHOST,TP_CASTLE,21
TP_HARPY,TP_CASTLE,21
TP_HIPPOGRYPH,TP_CASTLE,22
TP_SPECTRE,TP_CASTLE,22
TP_AMALARICSNIPER,TP_CASTLE,23
TP_SPECTRE,TP_CASTLE,23
TP_DULLAHAN_01,TP_CASTLE,23
TP_MALACHI,TP_CASTLE,24
TP_ALASTOR,TP_CASTLE,24
TP_SPITTLEBONE_01,TP_CASTLE,24
TP_HARPY,TP_CASTLE,25
TP_SPECTRE,TP_CASTLE,25
TP_SKELETONAPE,TP_CASTLE,25
TP_ALASTOR,TP_CASTLE,26
TP_HIPPOGRYPH,TP_CASTLE,26
TP_MALACHI,TP_CASTLE,27
TP_MALACHI,TP_CASTLE,28
TP_ALASTOR,TP_CASTLE,28
TP_SUCCUBUS,TP_CASTLE,28
TP_SPITTLEBONE_01,TP_CASTLE,1
TP_SPITTLEBONE_02,TP_CASTLE,1
TP_FROZENSHADE,TP_CASTLE,2
TP_SPITTLEBONE_01,TP_CASTLE,2
TP_SPITTLEBONE_01,TP_CASTLE,3
TP_FROZENSHADE,TP_CASTLE,3
TP_FISHMAN_01,TP_CASTLE,3
TP_FROZENSHADE,TP_CASTLE,4
TP_FISHMAN_01,TP_CASTLE,4
TP_YORICK_01,TP_CASTLE,4
TP_FISHMAN_01,TP_CASTLE,5
TP_SPITTLEBONE_01,TP_CASTLE,5
TP_DULLAHAN_01,TP_CASTLE,5
TP_AXEARMOR_01,TP_CASTLE,6
TP_FISHMAN_01,TP_CASTLE,6
TP_FISHMAN_02,TP_CASTLE,6
TP_GORGON,TP_CASTLE,7
TP_SPITTLEBONE_01,TP_CASTLE,7
TP_MOLDYCORPSE,TP_CASTLE,7
TP_AXEARMOR_01,TP_CASTLE,8
TP_FISHMAN_01,TP_CASTLE,8
TP_FROZENSHADE,TP_CASTLE,8
TP_GORGON,TP_CASTLE,9
TP_FISHMAN_01,TP_CASTLE,9
TP_MOLDYCORPSE,TP_CASTLE,10
TP_CAVETROLL,TP_CASTLE,10
TP_SPITTLEBONE_01,TP_CASTLE,10
TP_SKELETONAPE,TP_CASTLE,11
TP_FISHMAN_01,TP_CASTLE,11
TP_SPITTLEBONE_02,TP_CASTLE,11
TP_SKELETONAPE,TP_CASTLE,12
TP_AXEARMOR_01,TP_CASTLE,12
TP_FROZENSHADE,TP_CASTLE,12
TP_GORGON,TP_CASTLE,13
TP_FISHMAN_01,TP_CASTLE,13
TP_FISHMAN_02,TP_CASTLE,13
TP_SKELETONAPE,TP_CASTLE,14
TP_FISHMAN_01,TP_CASTLE,14
TP_SPECTRE,TP_CASTLE,14
TP_AXEARMOR_01,TP_CASTLE,15
TP_FLEAARMOR,TP_CASTLE,15
TP_FISHMAN_01,TP_CASTLE,15
TP_SKELETONAPE,TP_CASTLE,16
TP_FISHMAN_01,TP_CASTLE,16
TP_CAVETROLL,TP_CASTLE,16
TP_AXEARMOR_01,TP_CASTLE,17
TP_SPITTLEBONE_01,TP_CASTLE,17
TP_SPECTRE,TP_CASTLE,17
TP_BONEGOLEM,TP_CASTLE,18
TP_CAVETROLL,TP_CASTLE,18
TP_FROZENSHADE,TP_CASTLE,18
TP_AXEARMOR_01,TP_CASTLE,19
TP_FISHMAN_01,TP_CASTLE,19
TP_SKELETONAPE,TP_CASTLE,20
TP_ALASTOR,TP_CASTLE,20
TP_WEREWOLF,TP_CASTLE,20
TP_FISHMAN_01,TP_CASTLE,21
TP_BONEGOLEM,TP_CASTLE,21
TP_MALACHI,TP_CASTLE,21
TP_ALASTOR,TP_CASTLE,22
TP_SPECTRE,TP_CASTLE,22
TP_CAVETROLL,TP_CASTLE,23
TP_BONEGOLEM,TP_CASTLE,23
TP_FROZENSHADE,TP_CASTLE,23
TP_MALACHI,TP_CASTLE,24
TP_ALASTOR,TP_CASTLE,24
TP_SPITTLEBONE_01,TP_CASTLE,24
TP_FISHMAN_01,TP_CASTLE,25
TP_SPECTRE,TP_CASTLE,25
TP_SKELETONAPE,TP_CASTLE,25
TP_ALASTOR,TP_CASTLE,26
TP_BONEGOLEM,TP_CASTLE,26
TP_MALACHI,TP_CASTLE,27
TP_FISHMAN_01,TP_CASTLE,28
TP_SPITTLEBONE_01,TP_CASTLE,1
TP_SPITTLEBONE_02,TP_CASTLE,1
TP_GHOST,TP_CASTLE,1
TP_BONEARK,TP_CASTLE,2
TP_IMP,TP_CASTLE,2
TP_SPITTLEBONE_01,TP_CASTLE,3
TP_IMP,TP_CASTLE,3
TP_YORICK_01,TP_CASTLE,3
TP_GHOST,TP_CASTLE,4
TP_FISHMAN_01,TP_CASTLE,4
TP_BONEARK,TP_CASTLE,4
TP_SPITTLEBONE_02,TP_CASTLE,5
TP_SPITTLEBONE_01,TP_CASTLE,5
TP_DULLAHAN_01,TP_CASTLE,5
TP_AXEARMOR_01,TP_CASTLE,6
TP_FISHMAN_01,TP_CASTLE,6
TP_SPITTLEBONE_02,TP_CASTLE,6
TP_GORGON,TP_CASTLE,7
TP_SPITTLEBONE_01,TP_CASTLE,7
TP_DULLAHAN_01,TP_CASTLE,7
TP_AXEARMOR_01,TP_CASTLE,8
TP_FISHMAN_01,TP_CASTLE,8
TP_IMP,TP_CASTLE,8
TP_GORGON,TP_CASTLE,9
TP_FISHMAN_01,TP_CASTLE,9
TP_DULLAHAN_01,TP_CASTLE,10
TP_CAVETROLL,TP_CASTLE,10
TP_SPITTLEBONE_01,TP_CASTLE,10
TP_SKELETONAPE,TP_CASTLE,11
TP_SPITTLEBONE_01,TP_CASTLE,11
TP_SPITTLEBONE_02,TP_CASTLE,11
TP_SKELETONAPE,TP_CASTLE,12
TP_FISHMAN_01,TP_CASTLE,12
TP_SPITTLEBONE_01,TP_CASTLE,12
TP_GORGON,TP_CASTLE,13
TP_AXEARMOR_01,TP_CASTLE,13
TP_FROZENSHADE,TP_CASTLE,13
TP_SKELETONAPE,TP_CASTLE,14
TP_FISHMAN_01,TP_CASTLE,14
TP_SPECTRE,TP_CASTLE,14
TP_AXEARMOR_01,TP_CASTLE,15
TP_SPECTRE,TP_CASTLE,15
TP_SPITTLEBONE_01,TP_CASTLE,15
TP_SKELETONAPE,TP_CASTLE,16
TP_FISHMAN_01,TP_CASTLE,16
TP_CAVETROLL,TP_CASTLE,16
TP_AXEARMOR_01,TP_CASTLE,17
TP_SPITTLEBONE_01,TP_CASTLE,17
TP_SPECTRE,TP_CASTLE,17
TP_BONEGOLEM,TP_CASTLE,18
TP_CAVETROLL,TP_CASTLE,18
TP_FROZENSHADE,TP_CASTLE,18
TP_AXEARMOR_01,TP_CASTLE,19
TP_FISHMAN_01,TP_CASTLE,19
TP_SKELETONAPE,TP_CASTLE,20
TP_BONEGOLEM,TP_CASTLE,20
TP_WEREWOLF,TP_CASTLE,20
TP_SKELETONAPE,TP_CASTLE,21
TP_SPECTRE,TP_CASTLE,21
TP_MALACHI,TP_CASTLE,21
TP_ALASTOR,TP_CASTLE,22
TP_BONEGOLEM,TP_CASTLE,22
TP_CAVETROLL,TP_CASTLE,23
TP_SPECTRE,TP_CASTLE,23
TP_FROZENSHADE,TP_CASTLE,23
TP_MALACHI,TP_CASTLE,24
TP_ALASTOR,TP_CASTLE,24
TP_SPITTLEBONE_01,TP_CASTLE,24
TP_FISHMAN_01,TP_CASTLE,25
TP_SPECTRE,TP_CASTLE,25
TP_SKELETONAPE,TP_CASTLE,25
TP_ALASTOR,TP_CASTLE,26
TP_BONEGOLEM,TP_CASTLE,26
TP_MALACHI,TP_CASTLE,27
TP_BONEGOLEM,TP_CASTLE,28
TP_IMP,TP_CASTLE,1
TP_GHOST,TP_CASTLE,1
TP_YORICK_01,TP_CASTLE,2
TP_IMP,TP_CASTLE,2
TP_SPITTLEBONE_01,TP_CASTLE,3
TP_IMP,TP_CASTLE,3
TP_BONEARK,TP_CASTLE,3
TP_GHOST,TP_CASTLE,4
TP_UKOBACK,TP_CASTLE,4
TP_YORICK_01,TP_CASTLE,4
TP_IMP,TP_CASTLE,5
TP_BONEARK,TP_CASTLE,5
TP_DULLAHAN_01,TP_CASTLE,5
TP_AXEARMOR_01,TP_CASTLE,6
TP_PERSEPHONE_01,TP_CASTLE,6
TP_IMP,TP_CASTLE,6
TP_GORGON,TP_CASTLE,7
TP_BONEARK,TP_CASTLE,7
TP_DULLAHAN_01,TP_CASTLE,7
TP_AXEARMOR_01,TP_CASTLE,8
TP_SUCCUBUS,TP_CASTLE,8
TP_IMP,TP_CASTLE,8
TP_GORGON,TP_CASTLE,9
TP_FLEAARMOR,TP_CASTLE,9
TP_DULLAHAN_01,TP_CASTLE,10
TP_PERSEPHONE_01,TP_CASTLE,10
TP_IMP,TP_CASTLE,10
TP_AMALARICSNIPER,TP_CASTLE,11
TP_GORGON,TP_CASTLE,11
TP_GHOST,TP_CASTLE,11
TP_SKELETONAPE,TP_CASTLE,12
TP_IMP,TP_CASTLE,12
TP_SPITTLEBONE_01,TP_CASTLE,12
TP_GORGON,TP_CASTLE,13
TP_AXEARMOR_01,TP_CASTLE,13
TP_FLEAARMOR,TP_CASTLE,13
TP_PERSEPHONE_01,TP_CASTLE,14
TP_SUCCUBUS,TP_CASTLE,14
TP_SPECTRE,TP_CASTLE,14
TP_AXEARMOR_01,TP_CASTLE,15
TP_SPECTRE,TP_CASTLE,15
TP_IMP,TP_CASTLE,15
TP_PERSEPHONE_01,TP_CASTLE,16
TP_SUCCUBUS,TP_CASTLE,16
TP_AMALARICSNIPER,TP_CASTLE,16
TP_AXEARMOR_01,TP_CASTLE,17
TP_HIPPOGRYPH,TP_CASTLE,17
TP_SPECTRE,TP_CASTLE,17
TP_BONEGOLEM,TP_CASTLE,18
TP_FLEAARMOR,TP_CASTLE,18
TP_BONEARK,TP_CASTLE,18
TP_AXEARMOR_01,TP_CASTLE,19
TP_HIPPOGRYPH,TP_CASTLE,19
TP_SPECTRE,TP_CASTLE,20
TP_BONEGOLEM,TP_CASTLE,20
TP_WEREWOLF,TP_CASTLE,20
TP_ALASTOR,TP_CASTLE,21
TP_SPECTRE,TP_CASTLE,21
TP_MALACHI,TP_CASTLE,21
TP_VALHALLAKNIGHT,TP_CASTLE,22
TP_BONEGOLEM,TP_CASTLE,22
TP_WEREWOLF,TP_CASTLE,23
TP_SPECTRE,TP_CASTLE,23
TP_BONEARK,TP_CASTLE,23
TP_MALACHI,TP_CASTLE,24
TP_ALASTOR,TP_CASTLE,24
TP_IMP,TP_CASTLE,24
TP_GORGON,TP_CASTLE,25
TP_SPECTRE,TP_CASTLE,25
TP_HIPPOGRYPH,TP_CASTLE,25
TP_ALASTOR,TP_CASTLE,26
TP_BONEGOLEM,TP_CASTLE,26
TP_MALACHI,TP_CASTLE,27
TP_AMALARICSNIPER,TP_CASTLE,28
TP_SUCCUBUS,TP_CASTLE,28
TP_FLYINGZOMBIE_01,TP_CASTLE,1
TP_FLYINGZOMBIE_02,TP_CASTLE,1
TP_FLYINGZOMBIE_01,TP_CASTLE,2
TP_SPITTLEBONE_01,TP_CASTLE,2
TP_SPITTLEBONE_01,TP_CASTLE,3
TP_SPITTLEBONE_02,TP_CASTLE,3
TP_PERSEPHONE_01,TP_CASTLE,3
TP_SPITTLEBONE_01,TP_CASTLE,4
TP_PERSEPHONE_01,TP_CASTLE,4
TP_PERSEPHONEVACCUUM,TP_CASTLE,4
TP_PERSEPHONE_01,TP_CASTLE,5
TP_PERSEPHONEVACCUUM,TP_CASTLE,5
TP_AXEARMOR_01,TP_CASTLE,6
TP_SPITTLEBONE_01,TP_CASTLE,6
TP_SPITTLEBONE_02,TP_CASTLE,6
TP_PERSEPHONE_01,TP_CASTLE,7
TP_PERSEPHONEVACCUUM,TP_CASTLE,7
TP_AXEARMOR_01,TP_CASTLE,7
TP_AXEARMOR_01,TP_CASTLE,8
TP_FISHMAN_01,TP_CASTLE,8
TP_DULLAHAN_01,TP_CASTLE,8
TP_AXEARMOR_01,TP_CASTLE,9
TP_FISHMAN_01,TP_CASTLE,9
TP_DULLAHAN_01,TP_CASTLE,10
TP_YORICK_01,TP_CASTLE,10
TP_SPITTLEBONE_01,TP_CASTLE,10
TP_FISHMAN_01,TP_CASTLE,11
TP_SPITTLEBONE_01,TP_CASTLE,11
TP_SPITTLEBONE_02,TP_CASTLE,11
TP_SKELETONAPE,TP_CASTLE,12
TP_DULLAHAN_01,TP_CASTLE,12
TP_SPITTLEBONE_01,TP_CASTLE,12
TP_PERSEPHONEVACCUUM,TP_CASTLE,13
TP_PERSEPHONE_01,TP_CASTLE,13
TP_PERSEPHONE_02,TP_CASTLE,13
TP_SKELETONAPE,TP_CASTLE,14
TP_DULLAHAN_01,TP_CASTLE,14
TP_DULLAHAN_02,TP_CASTLE,14
TP_SKELETONAPE,TP_CASTLE,15
TP_YORICK_01,TP_CASTLE,15
TP_SPITTLEBONE_01,TP_CASTLE,15
TP_SKELETONAPE,TP_CASTLE,16
TP_FISHMAN_01,TP_CASTLE,16
TP_DULLAHAN_01,TP_CASTLE,16
TP_GURKHAKNIFEMASTER,TP_CASTLE,17
TP_DULLAHAN_01,TP_CASTLE,17
TP_SPITTLEBONE_01,TP_CASTLE,17
TP_GURKHAKNIFEMASTER,TP_CASTLE,18
TP_FISHMAN_01,TP_CASTLE,18
TP_DULLAHAN_01,TP_CASTLE,18
TP_AXEARMOR_01,TP_CASTLE,19
TP_GURKHAKNIFEMASTER,TP_CASTLE,19
TP_SKELETONAPE,TP_CASTLE,20
TP_DULLAHAN_01,TP_CASTLE,20
TP_DISCARMOR,TP_CASTLE,21
TP_PERSEPHONE_01,TP_CASTLE,21
TP_PERSEPHONEVACCUUM,TP_CASTLE,21
TP_DISCARMOR,TP_CASTLE,22
TP_GURKHAKNIFEMASTER,TP_CASTLE,22
TP_VALHALLAKNIGHT,TP_CASTLE,23
TP_GURKHAKNIFEMASTER,TP_CASTLE,23
TP_DULLAHAN_01,TP_CASTLE,23
TP_VALHALLAKNIGHT,TP_CASTLE,24
TP_DISCARMOR,TP_CASTLE,24
TP_DULLAHAN_01,TP_CASTLE,24
TP_WARG_01,TP_CASTLE,25
TP_FISHMAN_01,TP_CASTLE,25
TP_VALHALLAKNIGHT,TP_CASTLE,25
TP_DISCARMOR,TP_CASTLE,26
TP_GURKHAKNIFEMASTER,TP_CASTLE,26
TP_WARG_01,TP_CASTLE,27
TP_WARG_01,TP_CASTLE,28
TP_WARG_02,TP_CASTLE,28
TP_WARGRIDER,TP_CASTLE,28
TP_BITTERFLY,TP_CASTLE,1
TP_GHOST,TP_CASTLE,2
TP_BITTERFLY,TP_CASTLE,3
TP_GHOST,TP_CASTLE,4
TP_IMP,TP_CASTLE,5
TP_UKOBACK,TP_CASTLE,6
TP_IMP,TP_CASTLE,7
TP_KILLERDOLL,TP_CASTLE,8
TP_UKOBACK,TP_CASTLE,9
TP_FROZENSHADE,TP_CASTLE,10
TP_KILLERDOLL,TP_CASTLE,11
TP_FROZENSHADE,TP_CASTLE,12
TP_HARPY,TP_CASTLE,13
TP_SUCCUBUS,TP_CASTLE,14
TP_HARPY,TP_CASTLE,15
TP_SUCCUBUS,TP_CASTLE,16
TP_FLEARIDER,TP_CASTLE,17
TP_SPECTRE,TP_CASTLE,18
TP_FLEARIDER,TP_CASTLE,19
TP_SPECTRE,TP_CASTLE,20
TP_AMALARICSNIPER,TP_CASTLE,21
TP_SPECTRE,TP_CASTLE,22
TP_HIPPOGRYPH,TP_CASTLE,23
TP_AMALARICSNIPER,TP_CASTLE,24
TP_HIPPOGRYPH,TP_CASTLE,25
TP_ALASTOR,TP_CASTLE,26
TP_HIPPOGRYPH,TP_CASTLE,27
TP_ALASTOR,TP_CASTLE,28
EME_FROG,EMERALD,0
EME_FROG,EMERALD,1
EME_ALRAUNE,EMERALD,1
EME_FROG,EMERALD,2
EME_BIRD,EMERALD,2
EME_GOBLIN,EMERALD,3
EME_ALRAUNE,EMERALD,3
EME_BIRD,EMERALD,4
EME_GOBLIN,EMERALD,4
EME_BOAR,EMERALD,5
EME_FROG3,EMERALD,5
EME_GOBLIN,EMERALD,6
EME_BAT,EMERALD,6
EME_BOAR,EMERALD,7
EME_RASCAL,EMERALD,7
EME_FROG2,EMERALD,8
EME_SKELETON,EMERALD,8
EME_BAT,EMERALD,9
EME_SKELETON,EMERALD,9
EME_DOG,EMERALD,10
EME_DOG,EMERALD,11
EME_BALL,EMERALD,11
EME_BOAR,EMERALD,12
EME_SKELETON,EMERALD,12
EME_BALL,EMERALD,13
EME_KELPIE,EMERALD,13
EME_BOAR,EMERALD,14
EME_SKELETON,EMERALD,14
EME_BIRD,EMERALD,14
EME_WEREWOLF,EMERALD,15
EME_KELPIE,EMERALD,15
EME_ANT,EMERALD,16
EME_BIRD,EMERALD,16
EME_BALL,EMERALD,17
EME_FROG3,EMERALD,17
EME_MOCH,EMERALD,17
EME_DOG,EMERALD,18
EME_WEREWOLF,EMERALD,18
EME_SKELETON,EMERALD,19
EME_BALL2,EMERALD,19
EME_BAT,EMERALD,19
EME_KELPIE,EMERALD,20
EME_ANT,EMERALD,20
EME_BALL,EMERALD,21
EME_WEREWOLF,EMERALD,21
EME_OGRE,EMERALD,21
EME_ANT,EMERALD,22
EME_OGRE,EMERALD,22
EME_BIRD,EMERALD,23
EME_BIRD2,EMERALD,23
EME_SLIME,EMERALD,23
EME_BALL,EMERALD,24
EME_KELPIE,EMERALD,24
EME_BOSS_FROG,EMERALD,24
EME_RASCAL,EMERALD,25
EME_GOBLIN,EMERALD,25
EME_RASCAL,EMERALD,26
EME_ANT,EMERALD,26
EME_BOSS_FROG,EMERALD,27
EME_BOSS_BOAR,EMERALD,27
EME_BOSS_SKELETON,EMERALD,27
EME_DOG3,EMERALD,28
EME_BOSS_WEREWOLF,EMERALD,28
EME_SLIME,EMERALD,28
EME_BOSS_GOBLIN,EMERALD,29
EME_MOCH,EMERALD,29
EME_SLIME,EMERALD,29
BAT3,LEM_CHAMBER,0
EX_VSBAT1,LEM_CHAMBER,0
LEM_ZOMBALATRO,LEM_CHAMBER,1
EX_VSBAT1,LEM_CHAMBER,1
EX_VSBAT1,LEM_CHAMBER,2
LEM_JIMBAT2,LEM_CHAMBER,2
LEM_JIMBAT3,LEM_CHAMBER,2
LEM_MRBONES,LEM_CHAMBER,3
LEM_MRBONES,LEM_CHAMBER,4
LEM_SPECTRAL,LEM_CHAMBER,4
EX_VSBAT1,LEM_CHAMBER,4
EX_CASINOGHOUL,LEM_CHAMBER,5
LEM_JIMBAT2,LEM_CHAMBER,5
LEM_ZOMBALATRO,LEM_CHAMBER,6
EX_GAMBLIN2,LEM_CHAMBER,6
LEM_JIMBAT2,LEM_CHAMBER,7
LEM_JIMBAT3,LEM_CHAMBER,7
EX_GAMBLIN2,LEM_CHAMBER,7
LEM_ZOMBALATRO,LEM_CHAMBER,8
LEM_MRBONES,LEM_CHAMBER,8
LEM_XLJIMBAT,LEM_CHAMBER,9
LEM_ZOMBALATRO,LEM_CHAMBER,9
EX_CASINOGHOUL,LEM_CHAMBER,10
EX_GAMBLIN2,LEM_CHAMBER,10
LEM_MRBONES,LEM_CHAMBER,11
LEM_ZOMBALATRO,LEM_CHAMBER,11
EX_CARDSHARP,LEM_CHAMBER,11
LEM_WEREWOLF,LEM_CHAMBER,12
LEM_SPECTRAL,LEM_CHAMBER,12
LEM_MRBONES,LEM_CHAMBER,12
LEM_WEREWOLF,LEM_CHAMBER,13
LEM_SPECTRAL,LEM_CHAMBER,13
LEM_SPECTRAL,LEM_CHAMBER,13
LEM_XLJIMBAT,LEM_CHAMBER,14
LEM_WEREWOLF,LEM_CHAMBER,14
LEM_WEREWOLF,LEM_CHAMBER,15
EX_CARDSHARP,LEM_CHAMBER,15
EX_SPADEKNIGHT1,LEM_CHAMBER,16
LEM_MANTIS,LEM_CHAMBER,17
EX_CARDSHARP,LEM_CHAMBER,17
EX_SPADEKNIGHT2,LEM_CHAMBER,18
LEM_WEREWOLF,LEM_CHAMBER,18
LEM_MANTIS,LEM_CHAMBER,19
LEM_MRBONES,LEM_CHAMBER,19
EX_SPADEKNIGHT1,LEM_CHAMBER,20
EX_GAMBLIN2,LEM_CHAMBER,20
LEM_XLJIMBAT,LEM_CHAMBER,20
LEM_VENUS,LEM_CHAMBER,21
LEM_VENUS,LEM_CHAMBER,22
EX_SPADEKNIGHT2,LEM_CHAMBER,22
LEM_VENUS,LEM_CHAMBER,23
EX_SPADEKNIGHT1,LEM_CHAMBER,23
LEM_VENUS,LEM_CHAMBER,24
EX_SPADEKNIGHT2,LEM_CHAMBER,24
EX_SPADEKNIGHT2,LEM_CHAMBER,25
EX_SPADEKNIGHT1,LEM_CHAMBER,25
LEM_XLJIMBAT,LEM_CHAMBER,25
LEM_BOSS_VENUS,LEM_CHAMBER,26
LEM_VENUS,LEM_CHAMBER,26
LEM_MANTIS,LEM_CHAMBER,26
LEM_SPECTRAL,LEM_CHAMBER,27
EX_BOSS_SPADEKNIGHT,LEM_CHAMBER,27
EX_SPADEKNIGHT1,LEM_CHAMBER,27
LEM_XLJIMBAT,LEM_CHAMBER,28
LEM_JIMBAT4,LEM_CHAMBER,28
LEM_JIMBAT4,LEM_CHAMBER,29
EX_BOSS_SPADEKNIGHT2,LEM_CHAMBER,29
EX_BOSS_SPADEKNIGHT,LEM_CHAMBER,29