Region,Back Region,Abilities,Transition Name,Door Object,Is a subzone,Id,Region,Abilities,,Abilities,,Skin,Id,Region,local int,global int
Menu,,,,,,"Coin_ConbunnGame,/Coleccionables/Monedas/ForestaHolder/ForestaSubHolder/Foresta Recorte Monedas/MonedaBunny/Moneda",Cutout Forest,,,Bounce Pads,,Skin from Ara #1,1,Ribbon Village,1,1
Cutout Forest,Menu,,,,,"Coin_ConbunnGame,/Coleccionables/Monedas/ForestaHolder/ForestaSubHolder/Foresta Recorte Monedas/MonedaBunny (1)/Moneda",Cutout Forest,,,Dash,,Skin from Ara #2,2,Ribbon Village,1,1
Connie's Garden,Cutout Forest,,TP_CasaConnieHuerto,Foresta Recorte/FR Prompts/CasaConnie/PuertaConejoSubzona (3),y,"Coin_ConbunnGame,/Coleccionables/Monedas/ForestaHolder/ForestaSubHolder/Foresta Recorte Monedas/MonedaBunny (2)/Moneda",Cutout Forest,,,,,Conbunn Suit,3,Cardbun Festival,6,5
Ribbon Village,Cutout Forest,Dash,TP_VillaSerpentinaEntrada,,,"Cd_ConbunnGame,/Coleccionables/CDs/CD1",Cutout Forest,,,,,Space Suit,4,Cardboard Station,7,7
Origami Tree,Ribbon Village,,TP_SubzonaArbolBalancin,Villa Serpentina/VS Prompts/Otros/PuertaConejoSubzona (1),y,"Coin_ConbunnGame,/Coleccionables/Monedas/ForestaHolder/ForestaSubHolder/Foresta Recorte Monedas/MonedaBunny (10)/Moneda",Cutout Forest,,,,,Skin from Fuya,5,Connie's Garden,0,0
Paper Bay,Ribbon Village,,TP_BahiaCartulinaEntrada,,,"Coin_ConbunnGame,/Coleccionables/Monedas/ForestaHolder/ForestaSubHolder/Foresta Recorte Monedas/MonedaBunny (8)/Moneda",Cutout Forest,,,,,,,,,
Cardbun Viewing Area,Paper Bay,,TP_VillaSerpentinaMirador,Bahia Cartulina/BC Prompts/DetallesGrandes/PuertaConejoSubzona (1),y,"Coin_ConbunnGame,/Coleccionables/Monedas/ForestaHolder/ForestaSubHolder/Foresta Recorte Monedas/MonedaBunny (9)/Moneda",Cutout Forest,,,,,,,,,
Ink Beach,Paper Bay,Bounce Pads,TP_SubzonaPlayaTinta,Bahia Cartulina/BC Prompts/DetallesGrandes/PuertaConejoSubzona,y,"Coin_ConbunnGame,/Coleccionables/Monedas/ForestaHolder/ForestaSubHolder/Foresta Recorte Monedas/MonedaBunny (4)/Moneda",Cutout Forest,,,,,,,,,
Bunny Circuit,Ribbon Village,,TP_Subzona_CircuitoConejo,Villa Serpentina/VS Prompts/Otros/PuertaConejoSubzona,y,"Coin_ConbunnGame,/Coleccionables/Monedas/ForestaHolder/ForestaSubHolder/Foresta Recorte Monedas/MonedaBunny (5)/Moneda",Cutout Forest,,,,,,,,,
IBee's Honeycomb,Ribbon Village,,TP_Subzona_BeeHiveEntrada,Pradera Pintura/PP Prompts/Otros/PuertaConejoSubzona (3),y,"Coin_ConbunnGame,/Coleccionables/Monedas/ForestaHolder/ForestaSubHolder/Foresta Recorte Monedas/MonedaBunny (3)/Moneda",Cutout Forest,,,,,,,,,
Cardbun Museum,Ribbon Village,,TP_SubzonaMuseoCardbun,Villa Serpentina/VS Terreno/Museo,y,"Cd_ConbunnGame,/Coleccionables/CDs/CD2",Cutout Forest,,,,,,,,,
Paint Hills,Ribbon Village,Bounce Pads,,,,"Coin_ConbunnGame,/Coleccionables/Monedas/ForestaHolder/ForestaSubHolder/Foresta Recorte Monedas/MonedaBunny (12)/Moneda",Cutout Forest,Dash,,,,,,,,
Graffiti Panels,Paint Hills,,TP_Subzona_PanelesGrafiti,Pradera Pintura/PP Prompts/Otros/PuertaConejoSubzona (2),y,"Coin_ConbunnGame,/Coleccionables/Monedas/ForestaHolder/ForestaSubHolder/Foresta Recorte Monedas/MonedaBunny (11)/Moneda",Cutout Forest,Dash,,,,,,,,
Mountain Confetti,Paint Hills,,,,,"Coin_ConbunnGame,/Coleccionables/Monedas/ForestaHolder/ForestaSubHolder/Foresta Recorte Monedas/MonedaBunny (6)/Moneda",Cutout Forest,Dash,,,,,,,,
Cotton Skies,Mountain Confetti,,TP_SubzonaCieloAlgodon,Pradera Pintura/PP Prompts/Otros/PuertaConejoSubzona (4),y,"Coin_ConbunnGame,/Coleccionables/Monedas/ForestaHolder/ForestaSubHolder/Foresta Recorte Monedas/MonedaBunny (7)/Moneda",Cutout Forest,Dash,,,,,,,,
Clay Canyon,Mountain Confetti,,TP_CanyonArcillaEntrada,,,"Coin_ConbunnGame,/Coleccionables/Monedas/IslaPrincipalHolder/IslaSubHolder/Villa Serpentina Monedas/MonedaBunny (2)/Moneda",Ribbon Village,,,,,,,,,
Samual Golf,Clay Canyon,,TP_Subzona_SamualGolf,Canyon Arcilla/CA Terreno/PuertaConejoSubzona (3),y,"Coin_ConbunnGame,/Coleccionables/Monedas/IslaPrincipalHolder/IslaSubHolder/Villa Serpentina Monedas/MonedaBunny (8)/Moneda",Ribbon Village,,,,,,,,,
Sticker Park,Clay Canyon,,TP_Subzona_ParquePegatina,,,"Cd_ConbunnGame,/Coleccionables/CDs/FloresCD/CD5",Ribbon Village,,,,,,,,,
Dragon Raceway,Sticker Park,,TP_Subzona_PistaDragon,Subzonas/CA Subzona/Subzona Parque Pegatina/Parque Pegatina Prompts/DetallesGrandes/PuertaConejoSubzona (3),y,"Coin_ConbunnGame,/Coleccionables/Monedas/IslaPrincipalHolder/IslaSubHolder/Villa Serpentina Monedas/MonedaBunny (3)/Moneda",Ribbon Village,,,,,,,,,
Cardboard Station,Sticker Park,,TP_Subzona_EstacionCarton,Subzonas/CA Subzona/Subzona Parque Pegatina/Parque Pegatina Prompts/DetallesGrandes/PuertaConejoSubzona (4),y,"Coin_ConbunnGame,/Coleccionables/Monedas/IslaPrincipalHolder/IslaSubHolder/Villa Serpentina Monedas/MonedaBunny (5)/Moneda",Ribbon Village,,,,,,,,,
Polystyrene Peak,Clay Canyon,,TP_PicoPoliestirenoEntrada,,,"Cd_ConbunnGame,/Coleccionables/CDs/CD3",Ribbon Village,,,,,,,,,
Glue Summit,Polystyrene Peak,,TP_SubzonaCumbrePegamento,Pico Poliestireno/PX Prompts/Otros/PuertaConejoSubzona,y,"Cd_ConbunnGame,/Coleccionables/CDs/CD4",Ribbon Village,,,,,,,,,
Cardbun Festival,Polystyrene Peak,,TP_Subzona_ConciertoCardbun,,,"Coin_ConbunnGame,/Coleccionables/Monedas/IslaPrincipalHolder/IslaSubHolder/Villa Serpentina Monedas/MonedaBunny (9)/Moneda",Ribbon Village,,,,,,,,,
,,,,,,"Coin_ConbunnGame,/Coleccionables/Monedas/IslaPrincipalHolder/IslaSubHolder/Villa Serpentina Monedas/MonedaBunny (20)/Moneda",Ribbon Village,,,,,,,,,
,,,,,,"Coin_ConbunnGame,/Coleccionables/Monedas/IslaPrincipalHolder/IslaSubHolder/Villa Serpentina Monedas/MonedaBunny (17)/Moneda",Ribbon Village,,,,,,,,,
,,,,,,"Coin_ConbunnGame,/Coleccionables/Monedas/IslaPrincipalHolder/IslaSubHolder/Villa Serpentina Monedas/MonedaBunny (16)/Moneda",Ribbon Village,,,,,,,,,
,,,,,,"Coin_ConbunnGame,/Coleccionables/Monedas/IslaPrincipalHolder/IslaSubHolder/Villa Serpentina Monedas/MonedaBunny (18)/Moneda",Ribbon Village,,,,,,,,,
,,,,,,"Coin_ConbunnGame,/Coleccionables/Monedas/IslaPrincipalHolder/IslaSubHolder/Villa Serpentina Monedas/MonedaBunny (19)/Moneda",Ribbon Village,,,,,,,,,
,,,,,,"Coin_ConbunnGame,/Coleccionables/Monedas/IslaPrincipalHolder/IslaSubHolder/Villa Serpentina Monedas/MonedaBunny (7)/Moneda",Ribbon Village,,,,,,,,,
,,,,,,"Coin_ConbunnGame,/Coleccionables/Monedas/IslaPrincipalHolder/IslaSubHolder/Villa Serpentina Monedas/MonedaBunny (6)/Moneda",Ribbon Village,,,,,,,,,
,,,,,,"Cd_ConbunnGame,/Coleccionables/CDs/Boton1/CD8",Ribbon Village,,,,,,,,,
,,,,,,"Coin_ConbunnGame,/Coleccionables/Monedas/IslaPrincipalHolder/IslaSubHolder/Villa Serpentina Monedas/MonedaBunny (21)/Moneda",Ribbon Village,,,,,,,,,
,,,,,,"Coin_ConbunnGame,/Coleccionables/Monedas/IslaPrincipalHolder/IslaSubHolder/Villa Serpentina Monedas/MonedaBunny (22)/Moneda",Ribbon Village,,,,,,,,,
,,,,,,"Coin_ConbunnGame,/Coleccionables/Monedas/IslaPrincipalHolder/IslaSubHolder/Villa Serpentina Monedas/MonedaBunny (23)/Moneda",Ribbon Village,,,,,,,,,
,,,,,,"Coin_ConbunnGame,/Coleccionables/Monedas/IslaPrincipalHolder/IslaSubHolder/Villa Serpentina Monedas/MonedaBunny (10)/Moneda",Ribbon Village,,,,,,,,,
,,,,,,"Coin_ConbunnGame,/Coleccionables/Monedas/IslaPrincipalHolder/IslaSubHolder/Villa Serpentina Monedas/MonedaBunny (11)/Moneda",Ribbon Village,,,,,,,,,
,,,,,,"Coin_ConbunnGame,/Coleccionables/Monedas/IslaPrincipalHolder/IslaSubHolder/Villa Serpentina Monedas/MonedaBunny (12)/Moneda",Ribbon Village,,,,,,,,,
,,,,,,"Coin_ConbunnGame,/Coleccionables/Monedas/SubzonaDchHolder/SubzonaDchSubHolder/Subzona Laberinto Circular/MonedaBunny (2)/Moneda",Origami Tree,,,,,,,,,
,,,,,,"Coin_ConbunnGame,/Coleccionables/Monedas/SubzonaDchHolder/SubzonaDchSubHolder/Subzona Laberinto Circular/MonedaBunny (1)/Moneda",Origami Tree,,,,,,,,,
,,,,,,"Coin_ConbunnGame,/Coleccionables/Monedas/SubzonaDchHolder/SubzonaDchSubHolder/Subzona Laberinto Circular/MonedaBunny/Moneda",Origami Tree,,,,,,,,,
,,,,,,"Cd_ConbunnGame,/Coleccionables/CDs/Boton3/CD9",Origami Tree,Bounce Pads,,,,,,,,
,,,,,,"Coin_ConbunnGame,/Coleccionables/Monedas/SubzonaDchHolder/SubzonaDchSubHolder/Subzona Circuito Conejo/MonedaBunny (1)/Moneda",Bunny Circuit,,,,,,,,,
,,,,,,"Coin_ConbunnGame,/Coleccionables/Monedas/SubzonaDchHolder/SubzonaDchSubHolder/Subzona Circuito Conejo/MonedaBunny/Moneda",Bunny Circuit,,,,,,,,,
,,,,,,"Coin_ConbunnGame,/Coleccionables/Monedas/SubzonaDchHolder/SubzonaDchSubHolder/Subzona Circuito Conejo/MonedaBunny (2)/Moneda",Bunny Circuit,,,,,,,,,
,,,,,,"Cd_ConbunnGame,/Coleccionables/CDs/CD6",Bunny Circuit,Bounce Pads,,,,,,,,
,,,,,,"Coin_ConbunnGame,/Coleccionables/Monedas/IslaPrincipalHolder/IslaSubHolder/Villa Serpentina Monedas/MonedaBunny (4)/Moneda",Ribbon Village,,,,,,,,,
,,,,,,"Coin_ConbunnGame,/Coleccionables/Monedas/IslaPrincipalHolder/IslaSubHolder/Villa Serpentina Monedas/MonedaBunny/Moneda",Ribbon Village,,,,,,,,,
,,,,,,"Coin_ConbunnGame,/Coleccionables/Monedas/IslaPrincipalHolder/IslaSubHolder/Villa Serpentina Monedas/MonedaBunny (1)/Moneda",Ribbon Village,,,,,,,,,
,,,,,,"Coin_ConbunnGame,/Coleccionables/Monedas/SubzonaDchHolder/SubzonaDchSubHolder/Subzona Panal Abeja/MonedaBunny/Moneda",IBee's Honeycomb,,,,,,,,,
,,,,,,"Coin_ConbunnGame,/Coleccionables/Monedas/SubzonaDchHolder/SubzonaDchSubHolder/Subzona Panal Abeja/MonedaBunny (1)/Moneda",IBee's Honeycomb,,,,,,,,,
,,,,,,"Coin_ConbunnGame,/Coleccionables/Monedas/SubzonaDchHolder/SubzonaDchSubHolder/Subzona Panal Abeja/MonedaBunny (3)/Moneda",IBee's Honeycomb,,,,,,,,,
,,,,,,"Coin_ConbunnGame,/Coleccionables/Monedas/SubzonaDchHolder/SubzonaDchSubHolder/Subzona Panal Abeja/MonedaBunny (2)/Moneda",IBee's Honeycomb,,,,,,,,,
,,,,,,"Coin_ConbunnGame,/Coleccionables/Monedas/SubzonaDchHolder/SubzonaDchSubHolder/Subzona Panal Abeja/MonedaBunny (4)/Moneda",IBee's Honeycomb,,,,,,,,,
,,,,,,"Coin_ConbunnGame,/Coleccionables/Monedas/SubzonaDchHolder/SubzonaDchSubHolder/Subzona Panal Abeja/MonedaBunny (5)/Moneda",IBee's Honeycomb,,,,,,,,,
,,,,,,"Coin_ConbunnGame,/Coleccionables/Monedas/SubzonaDchHolder/SubzonaDchSubHolder/Subzona Panal Abeja/MonedaBunny (6)/Moneda",IBee's Honeycomb,,,,,,,,,
,,,,,,"Cd_ConbunnGame,/Coleccionables/CDs/CD7",IBee's Honeycomb,,,,,,,,,
,,,,,,"Cd_ConbunnGame,/Coleccionables/CDs/CD10",Paint Hills,,,,,,,,,
,,,,,,"Coin_ConbunnGame,/Coleccionables/Monedas/IslaPrincipalHolder/IslaSubHolder/Pradera Pintura Monedas/MonedaBunny (34)/Moneda",Paint Hills,,,,,,,,,
,,,,,,"Coin_ConbunnGame,/Coleccionables/Monedas/IslaPrincipalHolder/IslaSubHolder/Pradera Pintura Monedas/MonedaBunny (33)/Moneda",Paint Hills,,,,,,,,,
,,,,,,"Cd_ConbunnGame,/Coleccionables/CDs/CD16",Paint Hills,,,,,,,,,
,,,,,,"Coin_ConbunnGame,/Coleccionables/Monedas/IslaPrincipalHolder/IslaSubHolder/Pradera Pintura Monedas/MonedaBunny (18)/Moneda",Paint Hills,,,,,,,,,
,,,,,,"Coin_ConbunnGame,/Coleccionables/Monedas/IslaPrincipalHolder/IslaSubHolder/Pradera Pintura Monedas/MonedaBunny (27)/Moneda",Paint Hills,,,,,,,,,
,,,,,,"Coin_ConbunnGame,/Coleccionables/Monedas/IslaPrincipalHolder/IslaSubHolder/Pradera Pintura Monedas/MonedaBunny (17)/Moneda",Paint Hills,,,,,,,,,
,,,,,,"Cd_ConbunnGame,/Coleccionables/CDs/CD15",Paint Hills,,,,,,,,,
,,,,,,"Coin_ConbunnGame,/Coleccionables/Monedas/IslaPrincipalHolder/IslaSubHolder/Pradera Pintura Monedas/MonedaBunny (29)/Moneda",Paint Hills,,,,,,,,,
,,,,,,"Coin_ConbunnGame,/Coleccionables/Monedas/IslaPrincipalHolder/IslaSubHolder/Pradera Pintura Monedas/MonedaBunny (28)/Moneda",Paint Hills,,,,,,,,,
,,,,,,"Cd_ConbunnGame,/Coleccionables/CDs/CD14",Paint Hills,,,,,,,,,
,,,,,,"Coin_ConbunnGame,/Coleccionables/Monedas/IslaPrincipalHolder/IslaSubHolder/Pradera Pintura Monedas/MonedaBunny (19)/Moneda",Paint Hills,,,,,,,,,
,,,,,,"Coin_ConbunnGame,/Coleccionables/Monedas/IslaPrincipalHolder/IslaSubHolder/Pradera Pintura Monedas/MonedaBunny (20)/Moneda",Paint Hills,,,,,,,,,
,,,,,,"Coin_ConbunnGame,/Coleccionables/Monedas/IslaPrincipalHolder/IslaSubHolder/Pradera Pintura Monedas/MonedaBunny (21)/Moneda",Paint Hills,,,,,,,,,
,,,,,,"Coin_ConbunnGame,/Coleccionables/Monedas/SubzonaDchHolder/SubzonaDchSubHolder/Subzona Paneles Grafiti/MonedaBunny (3)/Moneda",Graffiti Panels,,,,,,,,,
,,,,,,"Coin_ConbunnGame,/Coleccionables/Monedas/SubzonaDchHolder/SubzonaDchSubHolder/Subzona Paneles Grafiti/MonedaBunny (4)/Moneda",Graffiti Panels,,,,,,,,,
,,,,,,"Coin_ConbunnGame,/Coleccionables/Monedas/SubzonaDchHolder/SubzonaDchSubHolder/Subzona Paneles Grafiti/MonedaBunny (5)/Moneda",Graffiti Panels,,,,,,,,,
,,,,,,"Coin_ConbunnGame,/Coleccionables/Monedas/SubzonaDchHolder/SubzonaDchSubHolder/Subzona Paneles Grafiti/MonedaBunny (7)/Moneda",Graffiti Panels,,,,,,,,,
,,,,,,"Coin_ConbunnGame,/Coleccionables/Monedas/SubzonaDchHolder/SubzonaDchSubHolder/Subzona Paneles Grafiti/MonedaBunny (6)/Moneda",Graffiti Panels,,,,,,,,,
,,,,,,"Coin_ConbunnGame,/Coleccionables/Monedas/SubzonaDchHolder/SubzonaDchSubHolder/Subzona Paneles Grafiti/MonedaBunny (1)/Moneda",Graffiti Panels,,,,,,,,,
,,,,,,"Coin_ConbunnGame,/Coleccionables/Monedas/SubzonaDchHolder/SubzonaDchSubHolder/Subzona Paneles Grafiti/MonedaBunny/Moneda",Graffiti Panels,,,,,,,,,
,,,,,,"Coin_ConbunnGame,/Coleccionables/Monedas/SubzonaDchHolder/SubzonaDchSubHolder/Subzona Paneles Grafiti/MonedaBunny (2)/Moneda",Graffiti Panels,,,,,,,,,
,,,,,,"Coin_ConbunnGame,/Coleccionables/Monedas/SubzonaDchHolder/SubzonaDchSubHolder/Subzona Paneles Grafiti/MonedaBunny (10)/Moneda",Graffiti Panels,,,,,,,,,
,,,,,,"Coin_ConbunnGame,/Coleccionables/Monedas/SubzonaDchHolder/SubzonaDchSubHolder/Subzona Paneles Grafiti/MonedaBunny (8)/Moneda",Graffiti Panels,,,,,,,,,
,,,,,,"Coin_ConbunnGame,/Coleccionables/Monedas/SubzonaDchHolder/SubzonaDchSubHolder/Subzona Paneles Grafiti/MonedaBunny (11)/Moneda",Graffiti Panels,,,,,,,,,
,,,,,,"Coin_ConbunnGame,/Coleccionables/Monedas/SubzonaDchHolder/SubzonaDchSubHolder/Subzona Paneles Grafiti/MonedaBunny (9)/Moneda",Graffiti Panels,,,,,,,,,
,,,,,,"Cd_ConbunnGame,/Coleccionables/CDs/CD18",Graffiti Panels,,,,,,,,,
,,,,,,"Cd_ConbunnGame,/Coleccionables/CDs/Boton0/CD17",Paint Hills,,,,,,,,,
,,,,,,"Coin_ConbunnGame,/Coleccionables/Monedas/IslaPrincipalHolder/IslaSubHolder/Pradera Pintura Monedas/MonedaBunny (22)/Moneda",Paint Hills,,,,,,,,,
,,,,,,"Coin_ConbunnGame,/Coleccionables/Monedas/IslaPrincipalHolder/IslaSubHolder/Pradera Pintura Monedas/MonedaBunny (23)/Moneda",Paint Hills,,,,,,,,,
,,,,,,"Coin_ConbunnGame,/Coleccionables/Monedas/IslaPrincipalHolder/IslaSubHolder/Pradera Pintura Monedas/MonedaBunny (24)/Moneda",Paint Hills,,,,,,,,,
,,,,,,"Cd_ConbunnGame,/Coleccionables/CDs/CD13",Paint Hills,,,,,,,,,
,,,,,,"Coin_ConbunnGame,/Coleccionables/Monedas/IslaPrincipalHolder/IslaSubHolder/Pradera Pintura Monedas/MonedaBunny (8)/Moneda",Paint Hills,,,,,,,,,
,,,,,,"Coin_ConbunnGame,/Coleccionables/Monedas/IslaPrincipalHolder/IslaSubHolder/Pradera Pintura Monedas/MonedaBunny (10)/Moneda",Paint Hills,,,,,,,,,
,,,,,,"Coin_ConbunnGame,/Coleccionables/Monedas/IslaPrincipalHolder/IslaSubHolder/Pradera Pintura Monedas/MonedaBunny (9)/Moneda",Paint Hills,,,,,,,,,
,,,,,,"Coin_ConbunnGame,/Coleccionables/Monedas/IslaPrincipalHolder/IslaSubHolder/Pradera Pintura Monedas/MonedaBunny (4)/Moneda",Paint Hills,,,,,,,,,
,,,,,,"Coin_ConbunnGame,/Coleccionables/Monedas/IslaPrincipalHolder/IslaSubHolder/Pradera Pintura Monedas/MonedaBunny (5)/Moneda",Paint Hills,,,,,,,,,
,,,,,,"Coin_ConbunnGame,/Coleccionables/Monedas/IslaPrincipalHolder/IslaSubHolder/Pradera Pintura Monedas/MonedaBunny (6)/Moneda",Paint Hills,,,,,,,,,
,,,,,,"Coin_ConbunnGame,/Coleccionables/Monedas/IslaPrincipalHolder/IslaSubHolder/Pradera Pintura Monedas/MonedaBunny (7)/Moneda",Paint Hills,,,,,,,,,
,,,,,,"Coin_ConbunnGame,/Coleccionables/Monedas/IslaPrincipalHolder/IslaSubHolder/Pradera Pintura Monedas/MonedaBunny/Moneda",Paint Hills,,,,,,,,,
,,,,,,"Coin_ConbunnGame,/Coleccionables/Monedas/IslaPrincipalHolder/IslaSubHolder/Pradera Pintura Monedas/MonedaBunny (1)/Moneda",Paint Hills,,,,,,,,,
,,,,,,"Cd_ConbunnGame,/Coleccionables/CDs/CD12",Paint Hills,,,,,,,,,
,,,,,,"Coin_ConbunnGame,/Coleccionables/Monedas/IslaPrincipalHolder/IslaSubHolder/Pradera Pintura Monedas/MonedaBunny (2)/Moneda",Paint Hills,,,,,,,,,
,,,,,,"Coin_ConbunnGame,/Coleccionables/Monedas/IslaPrincipalHolder/IslaSubHolder/Pradera Pintura Monedas/MonedaBunny (3)/Moneda",Paint Hills,,,,,,,,,
,,,,,,"Cd_ConbunnGame,/Coleccionables/CDs/PelotaPintura/CD11",Paint Hills,,,,,,,,,
,,,,,,"Coin_ConbunnGame,/Coleccionables/Monedas/IslaPrincipalHolder/IslaSubHolder/Pradera Pintura Monedas/MonedaBunny (25)/Moneda",Paint Hills,,,,,,,,,
,,,,,,"Coin_ConbunnGame,/Coleccionables/Monedas/IslaPrincipalHolder/IslaSubHolder/Pradera Pintura Monedas/MonedaBunny (26)/Moneda",Paint Hills,,,,,,,,,
,,,,,,"Coin_ConbunnGame,/Coleccionables/Monedas/IslaPrincipalHolder/IslaSubHolder/Pradera Pintura Monedas/MonedaBunny (32)/Moneda",Paint Hills,,,,,,,,,
,,,,,,"Coin_ConbunnGame,/Coleccionables/Monedas/IslaPrincipalHolder/IslaSubHolder/Pradera Pintura Monedas/MonedaBunny (31)/Moneda",Paint Hills,,,,,,,,,
,,,,,,"Coin_ConbunnGame,/Coleccionables/Monedas/IslaPrincipalHolder/IslaSubHolder/Pradera Pintura Monedas/MonedaBunny (30)/Moneda",Paint Hills,,,,,,,,,
,,,,,,"Coin_ConbunnGame,/Coleccionables/Monedas/IslaPrincipalHolder/IslaSubHolder/Colina Confeti Monedas/MonedaBunny (6)/Moneda",Mountain Confetti,,,,,,,,,
,,,,,,"Coin_ConbunnGame,/Coleccionables/Monedas/IslaPrincipalHolder/IslaSubHolder/Colina Confeti Monedas/MonedaBunny (7)/Moneda",Mountain Confetti,,,,,,,,,
,,,,,,"Coin_ConbunnGame,/Coleccionables/Monedas/IslaPrincipalHolder/IslaSubHolder/Colina Confeti Monedas/MonedaBunny (8)/Moneda",Mountain Confetti,,,,,,,,,
,,,,,,"Coin_ConbunnGame,/Coleccionables/Monedas/IslaPrincipalHolder/IslaSubHolder/Colina Confeti Monedas/MonedaBunny (9)/Moneda",Mountain Confetti,,,,,,,,,
,,,,,,"Coin_ConbunnGame,/Coleccionables/Monedas/IslaPrincipalHolder/IslaSubHolder/Colina Confeti Monedas/MonedaBunny (10)/Moneda",Mountain Confetti,,,,,,,,,
,,,,,,"Coin_ConbunnGame,/Coleccionables/Monedas/IslaPrincipalHolder/IslaSubHolder/Colina Confeti Monedas/MonedaBunny (11)/Moneda",Mountain Confetti,,,,,,,,,
,,,,,,"Coin_ConbunnGame,/Coleccionables/Monedas/IslaPrincipalHolder/IslaSubHolder/Colina Confeti Monedas/MonedaBunny (1)/Moneda",Mountain Confetti,,,,,,,,,
,,,,,,"Coin_ConbunnGame,/Coleccionables/Monedas/IslaPrincipalHolder/IslaSubHolder/Colina Confeti Monedas/MonedaBunny (2)/Moneda",Mountain Confetti,,,,,,,,,
,,,,,,"Coin_ConbunnGame,/Coleccionables/Monedas/IslaPrincipalHolder/IslaSubHolder/Colina Confeti Monedas/MonedaBunny/Moneda",Mountain Confetti,,,,,,,,,
,,,,,,"Coin_ConbunnGame,/Coleccionables/Monedas/IslaPrincipalHolder/IslaSubHolder/Pradera Pintura Monedas/MonedaBunny (13)/Moneda",Mountain Confetti,,,,,,,,,
,,,,,,"Coin_ConbunnGame,/Coleccionables/Monedas/IslaPrincipalHolder/IslaSubHolder/Pradera Pintura Monedas/MonedaBunny (12)/Moneda",Mountain Confetti,,,,,,,,,
,,,,,,"Coin_ConbunnGame,/Coleccionables/Monedas/IslaPrincipalHolder/IslaSubHolder/Pradera Pintura Monedas/MonedaBunny (11)/Moneda",Mountain Confetti,,,,,,,,,
,,,,,,"Coin_ConbunnGame,/Coleccionables/Monedas/IslaPrincipalHolder/IslaSubHolder/Colina Confeti Monedas/MonedaBunny (5)/Moneda",Mountain Confetti,,,,,,,,,
,,,,,,"Coin_ConbunnGame,/Coleccionables/Monedas/IslaPrincipalHolder/IslaSubHolder/Colina Confeti Monedas/MonedaBunny (3)/Moneda",Mountain Confetti,,,,,,,,,
,,,,,,"Coin_ConbunnGame,/Coleccionables/Monedas/IslaPrincipalHolder/IslaSubHolder/Colina Confeti Monedas/MonedaBunny (4)/Moneda",Mountain Confetti,,,,,,,,,
,,,,,,"Cd_ConbunnGame,/Coleccionables/CDs/CD20",Mountain Confetti,,,,,,,,,
,,,,,,"Coin_ConbunnGame,/Coleccionables/Monedas/IslaPrincipalHolder/IslaSubHolder/Colina Confeti Monedas/MonedaBunny (13)/Moneda",Mountain Confetti,,,,,,,,,
,,,,,,"Coin_ConbunnGame,/Coleccionables/Monedas/IslaPrincipalHolder/IslaSubHolder/Colina Confeti Monedas/MonedaBunny (12)/Moneda",Mountain Confetti,,,,,,,,,
,,,,,,"Cd_ConbunnGame,/Coleccionables/CDs/CD19",Mountain Confetti,,,,,,,,,
,,,,,,"Coin_ConbunnGame,/Coleccionables/Monedas/BahiaHolder/BahiaSubHolder/Subzona Cielos Algodon/MonedaBunny/Moneda",Cotton Skies,,,,,,,,,
,,,,,,"Coin_ConbunnGame,/Coleccionables/Monedas/BahiaHolder/BahiaSubHolder/Subzona Cielos Algodon/MonedaBunny (1)/Moneda",Cotton Skies,,,,,,,,,
,,,,,,"Coin_ConbunnGame,/Coleccionables/Monedas/BahiaHolder/BahiaSubHolder/Subzona Cielos Algodon/MonedaBunny (2)/Moneda",Cotton Skies,,,,,,,,,
,,,,,,"Coin_ConbunnGame,/Coleccionables/Monedas/BahiaHolder/BahiaSubHolder/Subzona Cielos Algodon/MonedaBunny (3)/Moneda",Cotton Skies,,,,,,,,,
,,,,,,"Coin_ConbunnGame,/Coleccionables/Monedas/BahiaHolder/BahiaSubHolder/Subzona Cielos Algodon/MonedaBunny (4)/Moneda",Cotton Skies,,,,,,,,,
,,,,,,"Coin_ConbunnGame,/Coleccionables/Monedas/BahiaHolder/BahiaSubHolder/Subzona Cielos Algodon/MonedaBunny (5)/Moneda",Cotton Skies,,,,,,,,,
,,,,,,"Cd_ConbunnGame,/Coleccionables/CDs/CD21",Cotton Skies,,,,,,,,,
,,,,,,"Coin_ConbunnGame,/Coleccionables/Monedas/IslaPrincipalHolder/IslaSubHolder/Pradera Pintura Monedas/MonedaBunny (14)/Moneda",Paint Hills,,,,,,,,,
,,,,,,"Coin_ConbunnGame,/Coleccionables/Monedas/IslaPrincipalHolder/IslaSubHolder/Pradera Pintura Monedas/MonedaBunny (15)/Moneda",Paint Hills,,,,,,,,,
,,,,,,"Coin_ConbunnGame,/Coleccionables/Monedas/IslaPrincipalHolder/IslaSubHolder/Pradera Pintura Monedas/MonedaBunny (16)/Moneda",Paint Hills,,,,,,,,,
,,,,,,"Coin_ConbunnGame,/Coleccionables/Monedas/IslaPrincipalHolder/IslaSubHolder/Villa Serpentina Monedas/MonedaBunny (13)/Moneda",Ribbon Village,,,,,,,,,
,,,,,,"Coin_ConbunnGame,/Coleccionables/Monedas/IslaPrincipalHolder/IslaSubHolder/Villa Serpentina Monedas/MonedaBunny (15)/Moneda",Ribbon Village,,,,,,,,,
,,,,,,"Coin_ConbunnGame,/Coleccionables/Monedas/IslaPrincipalHolder/IslaSubHolder/Villa Serpentina Monedas/MonedaBunny (14)/Moneda",Ribbon Village,,,,,,,,,
,,,,,,"Coin_ConbunnGame,/Coleccionables/Monedas/SubzonaDchHolder/SubzonaDchSubHolder/Subzona Museo Cardbun/MonedaBunny (2)/Moneda",Cardbun Museum,,,,,,,,,
,,,,,,"Coin_ConbunnGame,/Coleccionables/Monedas/SubzonaDchHolder/SubzonaDchSubHolder/Subzona Museo Cardbun/MonedaBunny/Moneda",Cardbun Museum,,,,,,,,,
,,,,,,"Coin_ConbunnGame,/Coleccionables/Monedas/SubzonaDchHolder/SubzonaDchSubHolder/Subzona Museo Cardbun/MonedaBunny (1)/Moneda",Cardbun Museum,,,,,,,,,
,,,,,,"Coin_ConbunnGame,/Coleccionables/Monedas/ForestaHolder/ForestaSubHolder/Foresta Recorte Monedas/MonedaBunny (14)/Moneda",Connie's Garden,,,,,,,,,
,,,,,,"Coin_ConbunnGame,/Coleccionables/Monedas/ForestaHolder/ForestaSubHolder/Foresta Recorte Monedas/MonedaBunny (13)/Moneda",Connie's Garden,,,,,,,,,
,,,,,,"Coin_ConbunnGame,/Coleccionables/Monedas/BahiaHolder/BahiaSubHolder/Bahia Cartulina Monedas/MonedaBunny (6)/Moneda",Paper Bay,,,,,,,,,
,,,,,,"Coin_ConbunnGame,/Coleccionables/Monedas/BahiaHolder/BahiaSubHolder/Bahia Cartulina Monedas/MonedaBunny (10)/Moneda",Paper Bay,,,,,,,,,
,,,,,,"Coin_ConbunnGame,/Coleccionables/Monedas/BahiaHolder/BahiaSubHolder/Bahia Cartulina Monedas/MonedaBunny (11)/Moneda",Paper Bay,,,,,,,,,
,,,,,,"Coin_ConbunnGame,/Coleccionables/Monedas/IslaPrincipalHolder/IslaSubHolder/Subzona Mirador Cardbun/MonedaBunny (1)/Moneda",Cardbun Viewing Area,Bounce Pads,,,,,,,,
,,,,,,"Coin_ConbunnGame,/Coleccionables/Monedas/IslaPrincipalHolder/IslaSubHolder/Subzona Mirador Cardbun/MonedaBunny/Moneda",Cardbun Viewing Area,Bounce Pads,,,,,,,,
,,,,,,"Cd_ConbunnGame,/Coleccionables/CDs/CD38",Cardbun Viewing Area,Bounce Pads,,,,,,,,
,,,,,,"Coin_ConbunnGame,/Coleccionables/Monedas/BahiaHolder/BahiaSubHolder/Bahia Cartulina Monedas/MonedaBunny (4)/Moneda",Paper Bay,Bounce Pads,,,,,,,,
,,,,,,"Coin_ConbunnGame,/Coleccionables/Monedas/BahiaHolder/BahiaSubHolder/Bahia Cartulina Monedas/MonedaBunny (5)/Moneda",Paper Bay,Bounce Pads,,,,,,,,
,,,,,,"Coin_ConbunnGame,/Coleccionables/Monedas/BahiaHolder/BahiaSubHolder/Bahia Cartulina Monedas/MonedaBunny (3)/Moneda",Paper Bay,Bounce Pads,,,,,,,,
,,,,,,"Coin_ConbunnGame,/Coleccionables/Monedas/BahiaHolder/BahiaSubHolder/Bahia Cartulina Monedas/MonedaBunny (12)/Moneda",Paper Bay,Bounce Pads,,,,,,,,
,,,,,,"Coin_ConbunnGame,/Coleccionables/Monedas/BahiaHolder/BahiaSubHolder/Bahia Cartulina Monedas/MonedaBunny (13)/Moneda",Paper Bay,Bounce Pads,,,,,,,,
,,,,,,"Coin_ConbunnGame,/Coleccionables/Monedas/BahiaHolder/BahiaSubHolder/Bahia Cartulina Monedas/MonedaBunny (15)/Moneda",Paper Bay,Bounce Pads,,,,,,,,
,,,,,,"Coin_ConbunnGame,/Coleccionables/Monedas/BahiaHolder/BahiaSubHolder/Bahia Cartulina Monedas/MonedaBunny (14)/Moneda",Paper Bay,Bounce Pads,,,,,,,,
,,,,,,"Cd_ConbunnGame,/Coleccionables/CDs/CD32",Paper Bay,Bounce Pads,,,,,,,,
,,,,,,"Coin_ConbunnGame,/Coleccionables/Monedas/BahiaHolder/BahiaSubHolder/Bahia Cartulina Monedas/MonedaBunny (26)/Moneda",Paper Bay,,,,,,,,,
,,,,,,"Coin_ConbunnGame,/Coleccionables/Monedas/BahiaHolder/BahiaSubHolder/Bahia Cartulina Monedas/MonedaBunny (27)/Moneda",Paper Bay,,,,,,,,,
,,,,,,"Coin_ConbunnGame,/Coleccionables/Monedas/BahiaHolder/BahiaSubHolder/Bahia Cartulina Monedas/MonedaBunny (28)/Moneda",Paper Bay,,,,,,,,,
,,,,,,"Cd_ConbunnGame,/Coleccionables/CDs/CD35",Paper Bay,Bounce Pads,,,,,,,,
,,,,,,"Cd_ConbunnGame,/Coleccionables/CDs/CD33",Paper Bay,Bounce Pads,,,,,,,,
,,,,,,"Coin_ConbunnGame,/Coleccionables/Monedas/BahiaHolder/BahiaSubHolder/Bahia Cartulina Monedas/MonedaBunny (19)/Moneda",Paper Bay,,,,,,,,,
,,,,,,"Coin_ConbunnGame,/Coleccionables/Monedas/BahiaHolder/BahiaSubHolder/Bahia Cartulina Monedas/MonedaBunny (20)/Moneda",Paper Bay,,,,,,,,,
,,,,,,"Coin_ConbunnGame,/Coleccionables/Monedas/BahiaHolder/BahiaSubHolder/Bahia Cartulina Monedas/MonedaBunny (18)/Moneda",Paper Bay,,,,,,,,,
,,,,,,"Coin_ConbunnGame,/Coleccionables/Monedas/BahiaHolder/BahiaSubHolder/Bahia Cartulina Monedas/MonedaBunny (16)/Moneda",Paper Bay,,,,,,,,,
,,,,,,"Coin_ConbunnGame,/Coleccionables/Monedas/BahiaHolder/BahiaSubHolder/Bahia Cartulina Monedas/MonedaBunny (17)/Moneda",Paper Bay,,,,,,,,,
,,,,,,"Coin_ConbunnGame,/Coleccionables/Monedas/BahiaHolder/BahiaSubHolder/Bahia Cartulina Monedas/MonedaBunny (9)/Moneda",Paper Bay,Bounce Pads,,,,,,,,
,,,,,,"Coin_ConbunnGame,/Coleccionables/Monedas/BahiaHolder/BahiaSubHolder/Bahia Cartulina Monedas/MonedaBunny (7)/Moneda",Paper Bay,Bounce Pads,,,,,,,,
,,,,,,"Coin_ConbunnGame,/Coleccionables/Monedas/BahiaHolder/BahiaSubHolder/Bahia Cartulina Monedas/MonedaBunny (8)/Moneda",Paper Bay,Bounce Pads,,,,,,,,
,,,,,,"Coin_ConbunnGame,/Coleccionables/Monedas/BahiaHolder/BahiaSubHolder/Bahia Cartulina Monedas/MonedaBunny (23)/Moneda",Paper Bay,,,,,,,,,
,,,,,,"Coin_ConbunnGame,/Coleccionables/Monedas/BahiaHolder/BahiaSubHolder/Bahia Cartulina Monedas/MonedaBunny (24)/Moneda",Paper Bay,,,,,,,,,
,,,,,,"Coin_ConbunnGame,/Coleccionables/Monedas/BahiaHolder/BahiaSubHolder/Bahia Cartulina Monedas/MonedaBunny (25)/Moneda",Paper Bay,,,,,,,,,
,,,,,,"Cd_ConbunnGame,/Coleccionables/CDs/Boton2/CD36",Paper Bay,,,,,,,,,
,,,,,,"Cd_ConbunnGame,/Coleccionables/CDs/CD34",Paper Bay,Bounce Pads,,,,,,,,
,,,,,,"Coin_ConbunnGame,/Coleccionables/Monedas/BahiaHolder/BahiaSubHolder/Bahia Cartulina Monedas/MonedaBunny (21)/Moneda",Paper Bay,Bounce Pads,,,,,,,,
,,,,,,"Coin_ConbunnGame,/Coleccionables/Monedas/BahiaHolder/BahiaSubHolder/Bahia Cartulina Monedas/MonedaBunny (22)/Moneda",Paper Bay,Bounce Pads,,,,,,,,
,,,,,,"Coin_ConbunnGame,/Coleccionables/Monedas/BahiaHolder/BahiaSubHolder/Bahia Cartulina Monedas/MonedaBunny (1)/Moneda",Paper Bay,Bounce Pads,,,,,,,,
,,,,,,"Coin_ConbunnGame,/Coleccionables/Monedas/BahiaHolder/BahiaSubHolder/Bahia Cartulina Monedas/MonedaBunny/Moneda",Paper Bay,Bounce Pads,,,,,,,,
,,,,,,"Coin_ConbunnGame,/Coleccionables/Monedas/BahiaHolder/BahiaSubHolder/Bahia Cartulina Monedas/MonedaBunny (2)/Moneda",Paper Bay,Bounce Pads,,,,,,,,
,,,,,,"Coin_ConbunnGame,/Coleccionables/Monedas/SubzonaDchHolder/SubzonaDchSubHolder/Subzona Playa Tinta/MonedaBunny/Moneda",Ink Beach,,,,,,,,,
,,,,,,"Coin_ConbunnGame,/Coleccionables/Monedas/SubzonaDchHolder/SubzonaDchSubHolder/Subzona Playa Tinta/MonedaBunny (1)/Moneda",Ink Beach,,,,,,,,,
,,,,,,"Coin_ConbunnGame,/Coleccionables/Monedas/SubzonaDchHolder/SubzonaDchSubHolder/Subzona Playa Tinta/MonedaBunny (2)/Moneda",Ink Beach,,,,,,,,,
,,,,,,"Coin_ConbunnGame,/Coleccionables/Monedas/SubzonaDchHolder/SubzonaDchSubHolder/Subzona Playa Tinta/MonedaBunny (3)/Moneda",Ink Beach,,,,,,,,,
,,,,,,"Coin_ConbunnGame,/Coleccionables/Monedas/SubzonaDchHolder/SubzonaDchSubHolder/Subzona Playa Tinta/MonedaBunny (5)/Moneda",Ink Beach,,,,,,,,,
,,,,,,"Coin_ConbunnGame,/Coleccionables/Monedas/SubzonaDchHolder/SubzonaDchSubHolder/Subzona Playa Tinta/MonedaBunny (4)/Moneda",Ink Beach,,,,,,,,,
,,,,,,"Coin_ConbunnGame,/Coleccionables/Monedas/SubzonaDchHolder/SubzonaDchSubHolder/Subzona Playa Tinta/MonedaBunny (6)/Moneda",Ink Beach,,,,,,,,,
,,,,,,"Cd_ConbunnGame,/Coleccionables/CDs/CD37",Ink Beach,,,,,,,,,
,,,,,,"Coin_ConbunnGame,/Coleccionables/Monedas/CanonHolder/CanonSubHolder/Canon Arcilla Monedas/MonedaBunny (12)/Moneda",Clay Canyon,,,,,,,,,
,,,,,,"Coin_ConbunnGame,/Coleccionables/Monedas/CanonHolder/CanonSubHolder/Canon Arcilla Monedas/MonedaBunny (11)/Moneda",Clay Canyon,,,,,,,,,
,,,,,,"Coin_ConbunnGame,/Coleccionables/Monedas/CanonHolder/CanonSubHolder/Canon Arcilla Monedas/MonedaBunny (10)/Moneda",Clay Canyon,,,,,,,,,
,,,,,,"Coin_ConbunnGame,/Coleccionables/Monedas/CanonHolder/CanonSubHolder/Canon Arcilla Monedas/MonedaBunny (14)/Moneda",Clay Canyon,,,,,,,,,
,,,,,,"Coin_ConbunnGame,/Coleccionables/Monedas/CanonHolder/CanonSubHolder/Canon Arcilla Monedas/MonedaBunny (13)/Moneda",Clay Canyon,,,,,,,,,
,,,,,,"Coin_ConbunnGame,/Coleccionables/Monedas/CanonHolder/CanonSubHolder/Canon Arcilla Monedas/MonedaBunny (15)/Moneda",Clay Canyon,,,,,,,,,
,,,,,,"Coin_ConbunnGame,/Coleccionables/Monedas/CanonHolder/CanonSubHolder/Canon Arcilla Monedas/MonedaBunny (7)/Moneda",Clay Canyon,,,,,,,,,
,,,,,,"Coin_ConbunnGame,/Coleccionables/Monedas/CanonHolder/CanonSubHolder/Canon Arcilla Monedas/MonedaBunny (8)/Moneda",Clay Canyon,,,,,,,,,
,,,,,,"Coin_ConbunnGame,/Coleccionables/Monedas/CanonHolder/CanonSubHolder/Canon Arcilla Monedas/MonedaBunny (9)/Moneda",Clay Canyon,,,,,,,,,
,,,,,,"Coin_ConbunnGame,/Coleccionables/Monedas/CanonHolder/CanonSubHolder/Canon Arcilla Monedas/MonedaBunny (4)/Moneda",Clay Canyon,,,,,,,,,
,,,,,,"Coin_ConbunnGame,/Coleccionables/Monedas/CanonHolder/CanonSubHolder/Canon Arcilla Monedas/MonedaBunny (3)/Moneda",Clay Canyon,,,,,,,,,
,,,,,,"Coin_ConbunnGame,/Coleccionables/Monedas/CanonHolder/CanonSubHolder/Canon Arcilla Monedas/MonedaBunny (6)/Moneda",Clay Canyon,,,,,,,,,
,,,,,,"Coin_ConbunnGame,/Coleccionables/Monedas/CanonHolder/CanonSubHolder/Canon Arcilla Monedas/MonedaBunny (5)/Moneda",Clay Canyon,,,,,,,,,
,,,,,,"Cd_ConbunnGame,/Coleccionables/CDs/CD22",Clay Canyon,,,,,,,,,
,,,,,,"Coin_ConbunnGame,/Coleccionables/Monedas/CanonHolder/CanonSubHolder/Canon Arcilla Monedas/MonedaBunny (16)/Moneda",Clay Canyon,,,,,,,,,
,,,,,,"Coin_ConbunnGame,/Coleccionables/Monedas/CanonHolder/CanonSubHolder/Canon Arcilla Monedas/MonedaBunny (21)/Moneda",Clay Canyon,,,,,,,,,
,,,,,,"Coin_ConbunnGame,/Coleccionables/Monedas/CanonHolder/CanonSubHolder/Canon Arcilla Monedas/MonedaBunny (22)/Moneda",Clay Canyon,,,,,,,,,
,,,,,,"Coin_ConbunnGame,/Coleccionables/Monedas/CanonHolder/CanonSubHolder/Canon Arcilla Monedas/MonedaBunny/Moneda",Clay Canyon,,,,,,,,,
,,,,,,"Coin_ConbunnGame,/Coleccionables/Monedas/CanonHolder/CanonSubHolder/Canon Arcilla Monedas/MonedaBunny (1)/Moneda",Clay Canyon,,,,,,,,,
,,,,,,"Coin_ConbunnGame,/Coleccionables/Monedas/CanonHolder/CanonSubHolder/Canon Arcilla Monedas/MonedaBunny (2)/Moneda",Clay Canyon,,,,,,,,,
,,,,,,"Coin_ConbunnGame,/Coleccionables/Monedas/SubzonaDchHolder/SubzonaDchSubHolder/Subzona Golf Samual/MonedaBunny (5)/Moneda",Samual Golf,,,,,,,,,
,,,,,,"Coin_ConbunnGame,/Coleccionables/Monedas/SubzonaDchHolder/SubzonaDchSubHolder/Subzona Golf Samual/MonedaBunny (4)/Moneda",Samual Golf,,,,,,,,,
,,,,,,"Coin_ConbunnGame,/Coleccionables/Monedas/SubzonaDchHolder/SubzonaDchSubHolder/Subzona Golf Samual/MonedaBunny (3)/Moneda",Samual Golf,,,,,,,,,
,,,,,,"Coin_ConbunnGame,/Coleccionables/Monedas/SubzonaDchHolder/SubzonaDchSubHolder/Subzona Golf Samual/MonedaBunny (6)/Moneda",Samual Golf,,,,,,,,,
,,,,,,"Coin_ConbunnGame,/Coleccionables/Monedas/SubzonaDchHolder/SubzonaDchSubHolder/Subzona Golf Samual/MonedaBunny (2)/Moneda",Samual Golf,,,,,,,,,
,,,,,,"Coin_ConbunnGame,/Coleccionables/Monedas/SubzonaDchHolder/SubzonaDchSubHolder/Subzona Golf Samual/MonedaBunny/Moneda",Samual Golf,,,,,,,,,
,,,,,,"Coin_ConbunnGame,/Coleccionables/Monedas/SubzonaDchHolder/SubzonaDchSubHolder/Subzona Golf Samual/MonedaBunny (1)/Moneda",Samual Golf,,,,,,,,,
,,,,,,"Cd_ConbunnGame,/Coleccionables/CDs/PelotaSamual/CD23",Samual Golf,,,,,,,,,
,,,,,,"Coin_ConbunnGame,/Coleccionables/Monedas/CanonHolder/CanonSubHolder/Canon Arcilla Monedas/MonedaBunny (17)/Moneda",Clay Canyon,,,,,,,,,
,,,,,,"Coin_ConbunnGame,/Coleccionables/Monedas/CanonHolder/CanonSubHolder/Canon Arcilla Monedas/MonedaBunny (18)/Moneda",Clay Canyon,,,,,,,,,
,,,,,,"Coin_ConbunnGame,/Coleccionables/Monedas/CanonHolder/CanonSubHolder/Canon Arcilla Monedas/MonedaBunny (19)/Moneda",Clay Canyon,,,,,,,,,
,,,,,,"Coin_ConbunnGame,/Coleccionables/Monedas/CanonHolder/CanonSubHolder/Canon Arcilla Monedas/MonedaBunny (20)/Moneda",Clay Canyon,,,,,,,,,
,,,,,,"Coin_ConbunnGame,/Coleccionables/Monedas/SubzonaDchHolder/SubzonaDchSubHolder/Subzona Parque Pegatina/MonedaBunny (5)/Moneda",Sticker Park,,,,,,,,,
,,,,,,"Coin_ConbunnGame,/Coleccionables/Monedas/SubzonaDchHolder/SubzonaDchSubHolder/Subzona Parque Pegatina/MonedaBunny (6)/Moneda",Sticker Park,,,,,,,,,
,,,,,,"Coin_ConbunnGame,/Coleccionables/Monedas/SubzonaDchHolder/SubzonaDchSubHolder/Subzona Parque Pegatina/MonedaBunny (4)/Moneda",Sticker Park,,,,,,,,,
,,,,,,"Coin_ConbunnGame,/Coleccionables/Monedas/SubzonaDchHolder/SubzonaDchSubHolder/Subzona Parque Pegatina/MonedaBunny (3)/Moneda",Sticker Park,,,,,,,,,
,,,,,,"Coin_ConbunnGame,/Coleccionables/Monedas/SubzonaDchHolder/SubzonaDchSubHolder/Subzona Parque Pegatina/MonedaBunny/Moneda",Sticker Park,,,,,,,,,
,,,,,,"Coin_ConbunnGame,/Coleccionables/Monedas/SubzonaDchHolder/SubzonaDchSubHolder/Subzona Parque Pegatina/MonedaBunny (1)/Moneda",Sticker Park,,,,,,,,,
,,,,,,"Coin_ConbunnGame,/Coleccionables/Monedas/SubzonaDchHolder/SubzonaDchSubHolder/Subzona Parque Pegatina/MonedaBunny (2)/Moneda",Sticker Park,,,,,,,,,
,,,,,,"Cd_ConbunnGame,/Coleccionables/CDs/CD24",Sticker Park,,,,,,,,,
,,,,,,"Coin_ConbunnGame,/Coleccionables/Monedas/CanonHolder/CanonSubHolder/Subzona Pista Dragon/MonedaBunny/Moneda",Dragon Raceway,,,,,,,,,
,,,,,,"Coin_ConbunnGame,/Coleccionables/Monedas/CanonHolder/CanonSubHolder/Subzona Pista Dragon/MonedaBunny (2)/Moneda",Dragon Raceway,,,,,,,,,
,,,,,,"Coin_ConbunnGame,/Coleccionables/Monedas/CanonHolder/CanonSubHolder/Subzona Pista Dragon/MonedaBunny (1)/Moneda",Dragon Raceway,,,,,,,,,
,,,,,,"Coin_ConbunnGame,/Coleccionables/Monedas/CanonHolder/CanonSubHolder/Subzona Pista Dragon/MonedaBunny (3)/Moneda",Dragon Raceway,,,,,,,,,
,,,,,,"Coin_ConbunnGame,/Coleccionables/Monedas/CanonHolder/CanonSubHolder/Subzona Pista Dragon/MonedaBunny (4)/Moneda",Dragon Raceway,,,,,,,,,
,,,,,,"Coin_ConbunnGame,/Coleccionables/Monedas/CanonHolder/CanonSubHolder/Subzona Pista Dragon/MonedaBunny (5)/Moneda",Dragon Raceway,,,,,,,,,
,,,,,,"Coin_ConbunnGame,/Coleccionables/Monedas/CanonHolder/CanonSubHolder/Subzona Pista Dragon/MonedaBunny (6)/Moneda",Dragon Raceway,,,,,,,,,
,,,,,,"Cd_ConbunnGame,/Coleccionables/CDs/CD25",Dragon Raceway,,,,,,,,,
,,,,,,"Coin_ConbunnGame,/Coleccionables/Monedas/CanonHolder/CanonSubHolder/Subzona Estacion Carton/MonedaBunny (1)/Moneda",Cardboard Station,,,,,,,,,
,,,,,,"Coin_ConbunnGame,/Coleccionables/Monedas/CanonHolder/CanonSubHolder/Subzona Estacion Carton/MonedaBunny (4)/Moneda",Cardboard Station,,,,,,,,,
,,,,,,"Coin_ConbunnGame,/Coleccionables/Monedas/CanonHolder/CanonSubHolder/Subzona Estacion Carton/MonedaBunny (3)/Moneda",Cardboard Station,,,,,,,,,
,,,,,,"Coin_ConbunnGame,/Coleccionables/Monedas/CanonHolder/CanonSubHolder/Subzona Estacion Carton/MonedaBunny (2)/Moneda",Cardboard Station,,,,,,,,,
,,,,,,"Coin_ConbunnGame,/Coleccionables/Monedas/CanonHolder/CanonSubHolder/Subzona Estacion Carton/MonedaBunny/Moneda",Cardboard Station,,,,,,,,,
,,,,,,"Cd_ConbunnGame,/Coleccionables/CDs/CD39",Cardboard Station,,,,,,,,,
,,,,,,"Coin_ConbunnGame,/Coleccionables/Monedas/CanonHolder/CanonSubHolder/Subzona Estacion Carton/MonedaBunny (5)/Moneda",Cardboard Station,,,,,,,,,
,,,,,,"Cd_ConbunnGame,/Coleccionables/CDs/CD40",Cardboard Station,,,,,,,,,
,,,,,,"Coin_ConbunnGame,/Coleccionables/Monedas/PicoHolder/PicoSubHolder/Pico Poliestireno Monedas/MonedaBunny (17)/Moneda",Polystyrene Peak,,,,,,,,,
,,,,,,"Coin_ConbunnGame,/Coleccionables/Monedas/PicoHolder/PicoSubHolder/Pico Poliestireno Monedas/MonedaBunny (18)/Moneda",Polystyrene Peak,,,,,,,,,
,,,,,,"Coin_ConbunnGame,/Coleccionables/Monedas/PicoHolder/PicoSubHolder/Pico Poliestireno Monedas/MonedaBunny (19)/Moneda",Polystyrene Peak,,,,,,,,,
,,,,,,"Cd_ConbunnGame,/Coleccionables/CDs/PelotaCurl/CD26",Polystyrene Peak,,,,,,,,,
,,,,,,"Coin_ConbunnGame,/Coleccionables/Monedas/PicoHolder/PicoSubHolder/Pico Poliestireno Monedas/MonedaBunny (6)/Moneda",Polystyrene Peak,,,,,,,,,
,,,,,,"Coin_ConbunnGame,/Coleccionables/Monedas/PicoHolder/PicoSubHolder/Pico Poliestireno Monedas/MonedaBunny (7)/Moneda",Polystyrene Peak,,,,,,,,,
,,,,,,"Cd_ConbunnGame,/Coleccionables/CDs/CD29",Polystyrene Peak,,,,,,,,,
,,,,,,"Cd_ConbunnGame,/Coleccionables/CDs/CD28",Polystyrene Peak,,,,,,,,,
,,,,,,"Cd_ConbunnGame,/Coleccionables/CDs/CD27",Polystyrene Peak,,,,,,,,,
,,,,,,"Coin_ConbunnGame,/Coleccionables/Monedas/PicoHolder/PicoSubHolder/Pico Poliestireno Monedas/MonedaBunny (3)/Moneda",Polystyrene Peak,,,,,,,,,
,,,,,,"Coin_ConbunnGame,/Coleccionables/Monedas/PicoHolder/PicoSubHolder/Pico Poliestireno Monedas/MonedaBunny (4)/Moneda",Polystyrene Peak,,,,,,,,,
,,,,,,"Coin_ConbunnGame,/Coleccionables/Monedas/PicoHolder/PicoSubHolder/Pico Poliestireno Monedas/MonedaBunny (5)/Moneda",Polystyrene Peak,,,,,,,,,
,,,,,,"Coin_ConbunnGame,/Coleccionables/Monedas/SubzonaDchHolder/SubzonaDchSubHolder/Subzona Cumbre Pegamento/MonedaBunny (1)/Moneda",Glue Summit,,,,,,,,,
,,,,,,"Coin_ConbunnGame,/Coleccionables/Monedas/SubzonaDchHolder/SubzonaDchSubHolder/Subzona Cumbre Pegamento/MonedaBunny/Moneda",Glue Summit,,,,,,,,,
,,,,,,"Coin_ConbunnGame,/Coleccionables/Monedas/SubzonaDchHolder/SubzonaDchSubHolder/Subzona Cumbre Pegamento/MonedaBunny (3)/Moneda",Glue Summit,,,,,,,,,
,,,,,,"Coin_ConbunnGame,/Coleccionables/Monedas/SubzonaDchHolder/SubzonaDchSubHolder/Subzona Cumbre Pegamento/MonedaBunny (2)/Moneda",Glue Summit,,,,,,,,,
,,,,,,"Coin_ConbunnGame,/Coleccionables/Monedas/SubzonaDchHolder/SubzonaDchSubHolder/Subzona Cumbre Pegamento/MonedaBunny (4)/Moneda",Glue Summit,,,,,,,,,
,,,,,,"Cd_ConbunnGame,/Coleccionables/CDs/CD31",Glue Summit,,,,,,,,,
,,,,,,"Coin_ConbunnGame,/Coleccionables/Monedas/PicoHolder/PicoSubHolder/Pico Poliestireno Monedas/MonedaBunny (14)/Moneda",Polystyrene Peak,,,,,,,,,
,,,,,,"Coin_ConbunnGame,/Coleccionables/Monedas/PicoHolder/PicoSubHolder/Pico Poliestireno Monedas/MonedaBunny (15)/Moneda",Polystyrene Peak,,,,,,,,,
,,,,,,"Coin_ConbunnGame,/Coleccionables/Monedas/PicoHolder/PicoSubHolder/Pico Poliestireno Monedas/MonedaBunny/Moneda",Polystyrene Peak,,,,,,,,,
,,,,,,"Coin_ConbunnGame,/Coleccionables/Monedas/PicoHolder/PicoSubHolder/Pico Poliestireno Monedas/MonedaBunny (1)/Moneda",Polystyrene Peak,,,,,,,,,
,,,,,,"Coin_ConbunnGame,/Coleccionables/Monedas/PicoHolder/PicoSubHolder/Pico Poliestireno Monedas/MonedaBunny (2)/Moneda",Polystyrene Peak,,,,,,,,,
,,,,,,"Coin_ConbunnGame,/Coleccionables/Monedas/PicoHolder/PicoSubHolder/Pico Poliestireno Monedas/MonedaBunny (13)/Moneda",Polystyrene Peak,,,,,,,,,
,,,,,,"Coin_ConbunnGame,/Coleccionables/Monedas/PicoHolder/PicoSubHolder/Pico Poliestireno Monedas/MonedaBunny (12)/Moneda",Polystyrene Peak,,,,,,,,,
,,,,,,"Coin_ConbunnGame,/Coleccionables/Monedas/PicoHolder/PicoSubHolder/Pico Poliestireno Monedas/MonedaBunny (8)/Moneda",Polystyrene Peak,,,,,,,,,
,,,,,,"Coin_ConbunnGame,/Coleccionables/Monedas/PicoHolder/PicoSubHolder/Pico Poliestireno Monedas/MonedaBunny (9)/Moneda",Polystyrene Peak,,,,,,,,,
,,,,,,"Coin_ConbunnGame,/Coleccionables/Monedas/PicoHolder/PicoSubHolder/Pico Poliestireno Monedas/MonedaBunny (20)/Moneda",Polystyrene Peak,,,,,,,,,
,,,,,,"Coin_ConbunnGame,/Coleccionables/Monedas/PicoHolder/PicoSubHolder/Pico Poliestireno Monedas/MonedaBunny (22)/Moneda",Polystyrene Peak,,,,,,,,,
,,,,,,"Coin_ConbunnGame,/Coleccionables/Monedas/PicoHolder/PicoSubHolder/Pico Poliestireno Monedas/MonedaBunny (10)/Moneda",Polystyrene Peak,,,,,,,,,
,,,,,,"Coin_ConbunnGame,/Coleccionables/Monedas/PicoHolder/PicoSubHolder/Pico Poliestireno Monedas/MonedaBunny (11)/Moneda",Polystyrene Peak,,,,,,,,,
,,,,,,"Coin_ConbunnGame,/Coleccionables/Monedas/PicoHolder/PicoSubHolder/Pico Poliestireno Monedas/MonedaBunny (16)/Moneda",Polystyrene Peak,,,,,,,,,
,,,,,,"Coin_ConbunnGame,/Coleccionables/Monedas/PicoHolder/PicoSubHolder/Pico Poliestireno Monedas/MonedaBunny (21)/Moneda",Polystyrene Peak,,,,,,,,,
,,,,,,"Cd_ConbunnGame,/Coleccionables/CDs/CD30",Polystyrene Peak,,,,,,,,,
,,,,,,"Coin_ConbunnGame,/Coleccionables/Monedas/PicoHolder/PicoSubHolder/Pico Poliestireno Monedas/MonedaBunny (23)/Moneda",Polystyrene Peak,,,,,,,,,
,,,,,,"Coin_ConbunnGame,/Coleccionables/Monedas/PicoHolder/PicoSubHolder/Pico Poliestireno Monedas/MonedaBunny (24)/Moneda",Polystyrene Peak,,,,,,,,,
,,,,,,"Coin_ConbunnGame,/Coleccionables/Monedas/PicoHolder/PicoSubHolder/Pico Poliestireno Monedas/MonedaBunny (26)/Moneda",Polystyrene Peak,,,,,,,,,
,,,,,,"Coin_ConbunnGame,/Coleccionables/Monedas/PicoHolder/PicoSubHolder/Pico Poliestireno Monedas/MonedaBunny (25)/Moneda",Polystyrene Peak,,,,,,,,,
,,,,,,"Coin_ConbunnGame,/Coleccionables/Monedas/PicoHolder/PicoSubHolder/Subzona Concierto Cardbun/MonedaBunny (7)/Moneda",Cardbun Festival,,,,,,,,,
,,,,,,"Coin_ConbunnGame,/Coleccionables/Monedas/PicoHolder/PicoSubHolder/Subzona Concierto Cardbun/MonedaBunny (5)/Moneda",Cardbun Festival,,,,,,,,,
,,,,,,"Coin_ConbunnGame,/Coleccionables/Monedas/PicoHolder/PicoSubHolder/Subzona Concierto Cardbun/MonedaBunny (6)/Moneda",Cardbun Festival,,,,,,,,,
,,,,,,"Coin_ConbunnGame,/Coleccionables/Monedas/PicoHolder/PicoSubHolder/Subzona Concierto Cardbun/MonedaBunny (1)/Moneda",Cardbun Festival,,,,,,,,,
,,,,,,"Coin_ConbunnGame,/Coleccionables/Monedas/PicoHolder/PicoSubHolder/Subzona Concierto Cardbun/MonedaBunny/Moneda",Cardbun Festival,,,,,,,,,
,,,,,,"Coin_ConbunnGame,/Coleccionables/Monedas/PicoHolder/PicoSubHolder/Subzona Concierto Cardbun/MonedaBunny (2)/Moneda",Cardbun Festival,,,,,,,,,
,,,,,,"Coin_ConbunnGame,/Coleccionables/Monedas/PicoHolder/PicoSubHolder/Subzona Concierto Cardbun/MonedaBunny (3)/Moneda",Cardbun Festival,,,,,,,,,
,,,,,,"Coin_ConbunnGame,/Coleccionables/Monedas/PicoHolder/PicoSubHolder/Subzona Concierto Cardbun/MonedaBunny (4)/Moneda",Cardbun Festival,,,,,,,,,